Y,X,fid,cat,value,id,c-area,drn_id,base
-54320.15816373,22530.50555197,"1","1",1,"1","1","12127",130.08
-54320.15816373,22555.50555197,"2","2",1,"1","1","12127",130.25
-54345.15816373,22530.50555197,"3","3",1,"1","1","12127",130.06
-54370.15816373,22530.50555197,"4","4",1,"1","1","12127",130
-54395.15816373,22505.50555197,"5","5",1,"1","1","12127",129.92
-54395.15816373,22530.50555197,"6","6",1,"1","1","12127",129.3
-54420.15816373,22480.50555197,"7","7",1,"1","1","12127",129.95
-54420.15816373,22505.50555197,"8","8",1,"1","1","12127",130.28
-54445.15816373,22455.50555197,"9","9",1,"1","1","12127",129.8
-54445.15816373,22480.50555197,"10","10",1,"1","1","12127",130.14
-54445.15816373,22580.50555197,"11","11",1,"3","3","10117",132.12
-54470.15816373,22305.50555197,"12","12",1,"1","1","12127",132.38
-54470.15816373,22430.50555197,"13","13",1,"1","1","12127",129.8
-54470.15816373,22580.50555197,"14","14",1,"3","3","10117",128.75
-54495.15816373,22305.50555197,"15","15",1,"1","1","12127",129.61
-54495.15816373,22430.50555197,"16","16",1,"1","1","12127",130.42
-54495.15816373,22580.50555197,"17","17",1,"3","3","10117",128.60001
-54520.15816373,22255.50555197,"18","18",1,"1","1","12127",128.89999
-54520.15816373,22280.50555197,"19","19",1,"1","1","12127",129.34
-54520.15816373,22405.50555197,"20","20",1,"1","1","12127",129.73
-54520.15816373,22580.50555197,"21","21",1,"3","3","10117",128.60001
-54545.15816373,22230.50555197,"22","22",1,"1","1","12127",128.91
-54545.15816373,22380.50555197,"23","23",1,"1","1","12127",130
-54545.15816373,22580.50555197,"24","24",1,"3","3","10117",128.5
-54570.15816373,22205.50555197,"25","25",1,"1","1","12127",128.81
-54570.15816373,22355.50555197,"26","26",1,"1","1","12127",129.22
-54570.15816373,22455.50555197,"27","27",1,"3","3","10117",128.06
-54570.15816373,22580.50555197,"28","28",1,"3","3","10117",128.50999
-54595.15816373,22230.50555197,"29","29",1,"1","1","12127",128.7
-54595.15816373,22330.50555197,"30","30",1,"1","1","12127",128.89999
-54595.15816373,22455.50555197,"31","31",1,"3","3","10117",130.13
-54595.15816373,22580.50555197,"32","32",1,"3","3","10117",129.28999
-54620.15816373,22230.50555197,"33","33",1,"1","1","12127",128.78
-54620.15816373,22330.50555197,"34","34",1,"1","1","12127",129.12
-54620.15816373,22455.50555197,"35","35",1,"3","3","10117",128.48
-54620.15816373,22580.50555197,"36","36",1,"3","3","10117",128.31
-54645.15816373,22130.50555197,"37","37",1,"2","2","11217",128.2
-54645.15816373,22255.50555197,"38","38",1,"1","1","12127",130.61
-54645.15816373,22280.50555197,"39","39",1,"1","1","12127",128.69
-54645.15816373,22305.50555197,"40","40",1,"1","1","12127",129.13
-54645.15816373,22455.50555197,"41","41",1,"3","3","10117",128.39999
-54645.15816373,22580.50555197,"42","42",1,"3","3","10117",128.28
-54670.15816373,22105.50555197,"43","43",1,"2","2","11217",127.54
-54670.15816373,22130.50555197,"44","44",1,"2","2","11217",127.93
-54670.15816373,22280.50555197,"45","45",1,"1","1","12127",131.25
-54670.15816373,22455.50555197,"46","46",1,"3","3","10117",128.39999
-54670.15816373,22580.50555197,"47","47",1,"3","3","10117",128.64
-54695.15816373,22080.50555197,"48","48",1,"2","2","11217",127.5
-54695.15816373,22105.50555197,"49","49",1,"2","2","11217",127.77
-54695.15816373,22205.50555197,"50","50",1,"2","2","11217",127.86
-54695.15816373,22230.50555197,"51","51",1,"2","2","11217",128.05
-54695.15816373,22455.50555197,"52","52",1,"3","3","10117",128
-54695.15816373,22555.50555197,"53","53",1,"3","3","10117",127.9
-54695.15816373,22580.50555197,"54","54",1,"3","3","10117",128.50999
-54695.15816373,22855.50555197,"55","55",1,"3","3","10117",141.78
-54695.15816373,22880.50555197,"56","56",1,"3","3","10117",136.10001
-54695.15816373,22905.50555197,"57","57",1,"3","3","10117",141.77
-54695.15816373,22930.50555197,"58","58",1,"3","3","10117",140.2
-54720.15816373,22030.50555197,"59","59",1,"2","2","11217",127.14
-54720.15816373,22055.50555197,"60","60",1,"2","2","11217",127.2
-54720.15816373,22180.50555197,"61","61",1,"2","2","11217",127.8
-54720.15816373,22205.50555197,"62","62",1,"2","2","11217",127.89
-54720.15816373,22455.50555197,"63","63",1,"3","3","10117",128.02
-54720.15816373,22555.50555197,"64","64",1,"3","3","10117",127.86
-54720.15816373,22580.50555197,"65","65",1,"3","3","10117",128.69
-54720.15816373,22855.50555197,"66","66",1,"3","3","10117",140.25999
-54745.15816373,22005.50555197,"67","67",1,"2","2","11217",127
-54745.15816373,22030.50555197,"68","68",1,"2","2","11217",127
-54745.15816373,22155.50555197,"69","69",1,"2","2","11217",127.7
-54745.15816373,22180.50555197,"70","70",1,"2","2","11217",127.86
-54745.15816373,22455.50555197,"71","71",1,"3","3","10117",128
-54745.15816373,22555.50555197,"72","72",1,"3","3","10117",127.83
-54745.15816373,22830.50555197,"73","73",1,"3","3","10117",140.17
-54745.15816373,22855.50555197,"74","74",1,"3","3","10117",134.60001
-54770.15816373,22005.50555197,"75","75",1,"2","2","11217",127.09
-54770.15816373,22030.50555197,"76","76",1,"2","2","11217",127.26
-54770.15816373,22155.50555197,"77","77",1,"2","2","11217",127.7
-54770.15816373,22180.50555197,"78","78",1,"2","2","11217",129.32001
-54770.15816373,22455.50555197,"79","79",1,"3","3","10117",127.96
-54770.15816373,22555.50555197,"80","80",1,"3","3","10117",127.8
-54770.15816373,22830.50555197,"81","81",1,"3","3","10117",139.88
-54770.15816373,22855.50555197,"82","82",1,"3","3","10117",139.7
-54795.15816373,21980.50555197,"83","83",1,"2","2","11217",127.08
-54795.15816373,22005.50555197,"84","84",1,"2","2","11217",126.82
-54795.15816373,22105.50555197,"85","85",1,"2","2","11217",127.31
-54795.15816373,22130.50555197,"86","86",1,"2","2","11217",127.31
-54795.15816373,22455.50555197,"87","87",1,"3","3","10117",128.07001
-54795.15816373,22555.50555197,"88","88",1,"3","3","10117",128
-54795.15816373,22830.50555197,"89","89",1,"3","3","10117",133.5
-54820.15816373,22005.50555197,"90","90",1,"2","2","11217",126.7
-54820.15816373,22080.50555197,"91","91",1,"2","2","11217",127
-54820.15816373,22105.50555197,"92","92",1,"2","2","11217",127.08
-54820.15816373,22355.50555197,"93","93",1,"3","3","10117",127.49
-54820.15816373,22455.50555197,"94","94",1,"3","3","10117",127.74
-54820.15816373,22555.50555197,"95","95",1,"3","3","10117",128.74001
-54820.15816373,22805.50555197,"96","96",1,"3","3","10117",139.8
-54845.15816373,22030.50555197,"97","97",1,"2","2","11217",126.75
-54845.15816373,22055.50555197,"98","98",1,"2","2","11217",126.8
-54845.15816373,22080.50555197,"99","99",1,"2","2","11217",127.01
-54845.15816373,22355.50555197,"100","100",1,"3","3","10117",127.43
-54845.15816373,22455.50555197,"101","101",1,"3","3","10117",127.54
-54845.15816373,22555.50555197,"102","102",1,"3","3","10117",128.35001
-54845.15816373,22780.50555197,"103","103",1,"3","3","10117",138.45
-54845.15816373,22805.50555197,"104","104",1,"3","3","10117",131.8
-54870.15816373,22055.50555197,"105","105",1,"2","2","11217",126.69
-54870.15816373,22080.50555197,"106","106",1,"2","2","11217",126.89
-54870.15816373,22355.50555197,"107","107",1,"3","3","10117",127.04
-54870.15816373,22430.50555197,"108","108",1,"3","3","10117",127.1
-54870.15816373,22555.50555197,"109","109",1,"3","3","10117",126.89
-54870.15816373,22780.50555197,"110","110",1,"3","3","10117",135.21001
-54895.15816373,22055.50555197,"111","111",1,"2","2","11217",131.2
-54895.15816373,22080.50555197,"112","112",1,"2","2","11217",126.18
-54895.15816373,22355.50555197,"113","113",1,"3","3","10117",127.17
-54895.15816373,22430.50555197,"114","114",1,"3","3","10117",127.18
-54895.15816373,22555.50555197,"115","115",1,"3","3","10117",126.9
-54895.15816373,22780.50555197,"116","116",1,"3","3","10117",134.89999
-54920.15816373,22080.50555197,"117","117",1,"2","2","11217",140.50999
-54920.15816373,22105.50555197,"118","118",1,"2","2","11217",125.9
-54920.15816373,22355.50555197,"119","119",1,"3","3","10117",127.1
-54920.15816373,22430.50555197,"120","120",1,"3","3","10117",127.23
-54920.15816373,22555.50555197,"121","121",1,"3","3","10117",126.67
-54920.15816373,22730.50555197,"122","122",1,"3","3","10117",134.66
-54920.15816373,22755.50555197,"123","123",1,"3","3","10117",133.5
-54945.15816373,22330.50555197,"124","124",1,"3","3","10117",126.5
-54945.15816373,22355.50555197,"125","125",1,"3","3","10117",127.06
-54945.15816373,22430.50555197,"126","126",1,"3","3","10117",127.1
-54945.15816373,22555.50555197,"127","127",1,"3","3","10117",127.21
-54945.15816373,22730.50555197,"128","128",1,"3","3","10117",129.8
-54970.15816373,22330.50555197,"129","129",1,"3","3","10117",126.57
-54970.15816373,22430.50555197,"130","130",1,"3","3","10117",126.54
-54970.15816373,22530.50555197,"131","131",1,"3","3","10117",126.3
-54970.15816373,22555.50555197,"132","132",1,"3","3","10117",127.39
-54970.15816373,22730.50555197,"133","133",1,"3","3","10117",129.89999
-54995.15816373,22330.50555197,"134","134",1,"3","3","10117",126.53
-54995.15816373,22430.50555197,"135","135",1,"3","3","10117",126.49
-54995.15816373,22530.50555197,"136","136",1,"3","3","10117",126.3
-54995.15816373,22730.50555197,"137","137",1,"3","3","10117",129.8
-55020.15816373,22330.50555197,"138","138",1,"3","3","10117",127.66
-55020.15816373,22430.50555197,"139","139",1,"3","3","10117",126.44
-55020.15816373,22530.50555197,"140","140",1,"3","3","10117",126.4
-55020.15816373,22730.50555197,"141","141",1,"3","3","10117",129.60001
-55045.15816373,22330.50555197,"142","142",1,"3","3","10117",126.87
-55045.15816373,22355.50555197,"143","143",1,"3","3","10117",126.79
-55045.15816373,22430.50555197,"144","144",1,"3","3","10117",126.3
-55045.15816373,22530.50555197,"145","145",1,"3","3","10117",126.98
-55045.15816373,22705.50555197,"146","146",1,"3","3","10117",130.00999
-55045.15816373,22730.50555197,"147","147",1,"3","3","10117",132.53999
-55070.15816373,22355.50555197,"148","148",1,"3","3","10117",126.67
-55070.15816373,22380.50555197,"149","149",1,"3","3","10117",126.25
-55070.15816373,22430.50555197,"150","150",1,"3","3","10117",126.4
-55070.15816373,22530.50555197,"151","151",1,"3","3","10117",126.1
-55070.15816373,22680.50555197,"152","152",1,"3","3","10117",130.21001
-55095.15816373,22405.50555197,"153","153",1,"3","3","10117",126.9
-55095.15816373,22430.50555197,"154","154",1,"3","3","10117",126.6
-55095.15816373,22530.50555197,"155","155",1,"3","3","10117",126.06
-55095.15816373,22655.50555197,"156","156",1,"3","3","10117",129.74001
-55095.15816373,22680.50555197,"157","157",1,"3","3","10117",130.59
-55120.15816373,22430.50555197,"158","158",1,"3","3","10117",127.97
-55120.15816373,22455.50555197,"159","159",1,"3","3","10117",126.12
-55120.15816373,22530.50555197,"160","160",1,"3","3","10117",126.1
-55120.15816373,22630.50555197,"161","161",1,"3","3","10117",128.69
-55120.15816373,22655.50555197,"162","162",1,"3","3","10117",126.3
-55145.15816373,22480.50555197,"163","163",1,"3","3","10117",125.98
-55145.15816373,22505.50555197,"164","164",1,"3","3","10117",126.05
-55145.15816373,22530.50555197,"165","165",1,"3","3","10117",126.08
-55145.15816373,22555.50555197,"166","166",1,"3","3","10117",128.41
-55145.15816373,22580.50555197,"167","167",1,"3","3","10117",127.86
-55145.15816373,22605.50555197,"168","168",1,"3","3","10117",128.39
-55145.15816373,22630.50555197,"169","169",1,"3","3","10117",128.39999
-55170.15816373,22480.50555197,"170","170",1,"3","3","10117",126.62
-55170.15816373,22505.50555197,"171","171",1,"3","3","10117",126.09
-55170.15816373,22530.50555197,"172","172",1,"3","3","10117",126.37
-55170.15816373,22555.50555197,"173","173",1,"3","3","10117",126.92
-55170.15816373,22580.50555197,"174","174",1,"3","3","10117",128.05
-55170.15816373,22605.50555197,"175","175",1,"3","3","10117",127.8
-55170.15816373,22630.50555197,"176","176",1,"3","3","10117",127.64
-55195.15816373,22505.50555197,"177","177",1,"3","3","10117",126.24
-55195.15816373,22530.50555197,"178","178",1,"3","3","10117",126.42
-55195.15816373,22555.50555197,"179","179",1,"3","3","10117",125.89
-55195.15816373,22580.50555197,"180","180",1,"3","3","10117",124.4
-55195.15816373,23080.50555197,"181","181",1,"4","4","9271",137.53
-55195.15816373,23105.50555197,"182","182",1,"4","4","9271",138.49001
-55195.15816373,23130.50555197,"183","183",1,"4","4","9271",144.10001
-55195.15816373,23155.50555197,"184","184",1,"4","4","9271",145.42
-55220.15816373,22530.50555197,"185","185",1,"3","3","10117",126.11
-55220.15816373,22555.50555197,"186","186",1,"3","3","10117",123.8
-55220.15816373,23080.50555197,"187","187",1,"4","4","9271",138.81
-55245.15816373,22530.50555197,"188","188",1,"3","3","10117",123.1
-55245.15816373,23055.50555197,"189","189",1,"4","4","9271",135.36
-55245.15816373,23080.50555197,"190","190",1,"4","4","9271",141.13
-55270.15816373,23055.50555197,"191","191",1,"4","4","9271",136.71001
-55295.15816373,23055.50555197,"192","192",1,"4","4","9271",138.64999
-55320.15816373,23030.50555197,"193","193",1,"4","4","9271",137.39
-55345.15816373,22980.50555197,"194","194",1,"4","4","9271",132.08
-55345.15816373,23005.50555197,"195","195",1,"4","4","9271",135.72
-55370.15816373,22930.50555197,"196","196",1,"4","4","9271",131.14
-55370.15816373,22955.50555197,"197","197",1,"4","4","9271",132.73
-55395.15816373,22880.50555197,"198","198",1,"4","4","9271",129.25
-55395.15816373,22905.50555197,"199","199",1,"4","4","9271",130.39999
-55395.15816373,23130.50555197,"200","200",1,"4","4","9271",135
-55395.15816373,23155.50555197,"201","201",1,"4","4","9271",136.8
-55395.15816373,23180.50555197,"202","202",1,"4","4","9271",137.12
-55395.15816373,23205.50555197,"203","203",1,"4","4","9271",139.10001
-55420.15816373,22880.50555197,"204","204",1,"4","4","9271",129.33
-55420.15816373,22905.50555197,"205","205",1,"4","4","9271",130.57001
-55420.15816373,23030.50555197,"206","206",1,"4","4","9271",131.89999
-55420.15816373,23055.50555197,"207","207",1,"4","4","9271",134.57001
-55420.15816373,23080.50555197,"208","208",1,"4","4","9271",133.92999
-55420.15816373,23105.50555197,"209","209",1,"4","4","9271",134.95
-55420.15816373,23130.50555197,"210","210",1,"4","4","9271",136.42
-55420.15816373,23230.50555197,"211","211",1,"4","4","9271",139.25999
-55420.15816373,23255.50555197,"212","212",1,"4","4","9271",140.7
-55420.15816373,23280.50555197,"213","213",1,"4","4","9271",140.8
-55420.15816373,23305.50555197,"214","214",1,"4","4","9271",142.71001
-55445.15816373,22855.50555197,"215","215",1,"4","4","9271",127.2
-55445.15816373,22880.50555197,"216","216",1,"4","4","9271",128.10001
-55445.15816373,23030.50555197,"217","217",1,"4","4","9271",133.39
-55445.15816373,23055.50555197,"218","218",1,"4","4","9271",133.63
-55445.15816373,23080.50555197,"219","219",1,"4","4","9271",134.33
-55445.15816373,23105.50555197,"220","220",1,"4","4","9271",134.98
-55445.15816373,23130.50555197,"221","221",1,"4","4","9271",135.99001
-55445.15816373,23230.50555197,"222","222",1,"4","4","9271",139.77
-55445.15816373,23255.50555197,"223","223",1,"4","4","9271",140.17999
-55445.15816373,23280.50555197,"224","224",1,"4","4","9271",141.25
-55445.15816373,23305.50555197,"225","225",1,"4","4","9271",141.66
-55470.15816373,22855.50555197,"226","226",1,"4","4","9271",127.2
-55470.15816373,22980.50555197,"227","227",1,"4","4","9271",130.13
-55470.15816373,23005.50555197,"228","228",1,"4","4","9271",132.38
-55495.15816373,22855.50555197,"229","229",1,"4","4","9271",125.44
-55495.15816373,22955.50555197,"230","230",1,"4","4","9271",128.47
-55495.15816373,22980.50555197,"231","231",1,"4","4","9271",130.72
-55520.15816373,22855.50555197,"232","232",1,"4","4","9271",124.9
-55520.15816373,22930.50555197,"233","233",1,"4","4","9271",128.39999
-55520.15816373,22955.50555197,"234","234",1,"4","4","9271",129.57001
-55545.15816373,22780.50555197,"235","235",1,"4","4","9271",125.8
-55545.15816373,22805.50555197,"236","236",1,"4","4","9271",124.77
-55545.15816373,22830.50555197,"237","237",1,"4","4","9271",124.86
-55545.15816373,22855.50555197,"238","238",1,"4","4","9271",126.59
-55545.15816373,22880.50555197,"239","239",1,"4","4","9271",126.35
-55545.15816373,22905.50555197,"240","240",1,"4","4","9271",125.65
-55545.15816373,22930.50555197,"241","241",1,"4","4","9271",127.77
-55570.15816373,22780.50555197,"242","242",1,"4","4","9271",124.35
-55570.15816373,22805.50555197,"243","243",1,"4","4","9271",125.32
-55570.15816373,22830.50555197,"244","244",1,"4","4","9271",125.58
-55570.15816373,22855.50555197,"245","245",1,"4","4","9271",124.65
-55570.15816373,22880.50555197,"246","246",1,"4","4","9271",124.44
-55570.15816373,22905.50555197,"247","247",1,"4","4","9271",124.58001
-55570.15816373,22930.50555197,"248","248",1,"4","4","9271",125.13
-55595.15816373,22755.50555197,"249","249",1,"4","4","9271",121.2
-55595.15816373,22780.50555197,"250","250",1,"4","4","9271",122.88
-55645.15816373,22880.50555197,"251","251",1,"5","5","3898",122.82
-55670.15816373,22880.50555197,"252","252",1,"5","5","3898",122.87
-55695.15816373,22880.50555197,"253","253",1,"5","5","3898",122.9
-55720.15816373,22880.50555197,"254","254",1,"5","5","3898",122.81
-55745.15816373,22905.50555197,"255","255",1,"5","5","3898",121.8
-55770.15816373,22905.50555197,"256","256",1,"5","5","3898",121.8
-55795.15816373,22905.50555197,"257","257",1,"5","5","3898",121.6
-55820.15816373,22905.50555197,"258","258",1,"5","5","3898",121.5
-55845.15816373,22905.50555197,"259","259",1,"5","5","3898",121.47
-55870.15816373,22905.50555197,"260","260",1,"5","5","3898",121.2
-55895.15816373,22905.50555197,"261","261",1,"5","5","3898",121.2
-55920.15816373,22905.50555197,"262","262",1,"5","5","3898",121.1
-55945.15816373,22905.50555197,"263","263",1,"5","5","3898",121.01
-55970.15816373,22905.50555197,"264","264",1,"5","5","3898",120.91
-55995.15816373,22905.50555197,"265","265",1,"5","5","3898",121.21
-56020.15816373,22930.50555197,"266","266",1,"5","5","3898",120.7
-56045.15816373,22930.50555197,"267","267",1,"5","5","3898",120.44
-56070.15816373,22930.50555197,"268","268",1,"5","5","3898",120.42
-56095.15816373,22930.50555197,"269","269",1,"5","5","3898",120.57
-56120.15816373,22955.50555197,"270","270",1,"5","5","3898",120.13
-56145.15816373,22955.50555197,"271","271",1,"5","5","3898",119.92
-56170.15816373,22955.50555197,"272","272",1,"5","5","3898",119.96
-56170.15816373,23180.50555197,"273","273",1,"5","5","3898",120.27
-56170.15816373,23205.50555197,"274","274",1,"5","5","3898",119.84
-56170.15816373,23230.50555197,"275","275",1,"5","5","3898",120.42
-56170.15816373,23255.50555197,"276","276",1,"5","5","3898",120.43
-56170.15816373,23280.50555197,"277","277",1,"5","5","3898",120.43
-56170.15816373,23305.50555197,"278","278",1,"5","5","3898",120.43
-56170.15816373,23330.50555197,"279","279",1,"5","5","3898",120.4
-56170.15816373,23355.50555197,"280","280",1,"5","5","3898",121.27
-56170.15816373,23380.50555197,"281","281",1,"5","5","3898",122.05
-56170.15816373,23405.50555197,"282","282",1,"5","5","3898",122.96
-56170.15816373,23430.50555197,"283","283",1,"5","5","3898",124.18
-56170.15816373,23455.50555197,"284","284",1,"5","5","3898",126
-56170.15816373,23480.50555197,"285","285",1,"5","5","3898",128.50999
-56170.15816373,23505.50555197,"286","286",1,"5","5","3898",129.7
-56170.15816373,23530.50555197,"287","287",1,"5","5","3898",130.21001
-56170.15816373,23555.50555197,"288","288",1,"5","5","3898",131.58
-56170.15816373,23580.50555197,"289","289",1,"5","5","3898",132.60001
-56170.15816373,23605.50555197,"290","290",1,"5","5","3898",133.44
-56170.15816373,23630.50555197,"291","291",1,"5","5","3898",134.25
-56195.15816373,22980.50555197,"292","292",1,"5","5","3898",119.88
-56195.15816373,23180.50555197,"293","293",1,"5","5","3898",119.11
-56220.15816373,22980.50555197,"294","294",1,"5","5","3898",119.7
-56220.15816373,23180.50555197,"295","295",1,"5","5","3898",119.05
-56245.15816373,22980.50555197,"296","296",1,"5","5","3898",119.67
-56245.15816373,23180.50555197,"297","297",1,"5","5","3898",119.06
-56270.15816373,22980.50555197,"298","298",1,"5","5","3898",118.5
-56270.15816373,23205.50555197,"299","299",1,"5","5","3898",118.97
-56295.15816373,23005.50555197,"300","300",1,"5","5","3898",119
-56295.15816373,23205.50555197,"301","301",1,"5","5","3898",119.23
-56320.15816373,23005.50555197,"302","302",1,"5","5","3898",118.8
-56320.15816373,23205.50555197,"303","303",1,"5","5","3898",119.06
-56345.15816373,23005.50555197,"304","304",1,"5","5","3898",119.2
-56345.15816373,23180.50555197,"305","305",1,"5","5","3898",118.79
-56370.15816373,23005.50555197,"306","306",1,"5","5","3898",119.35
-56370.15816373,23180.50555197,"307","307",1,"5","5","3898",120.02
-56395.15816373,23030.50555197,"308","308",1,"5","5","3898",118.73
-56395.15816373,23180.50555197,"309","309",1,"5","5","3898",120.37
-56420.15816373,23030.50555197,"310","310",1,"5","5","3898",118.62
-56420.15816373,23130.50555197,"311","311",1,"5","5","3898",119.14
-56420.15816373,23155.50555197,"312","312",1,"5","5","3898",119.32
-56420.15816373,23180.50555197,"313","313",1,"5","5","3898",121.23
-56445.15816373,23030.50555197,"314","314",1,"5","5","3898",119.12
-56445.15816373,23055.50555197,"315","315",1,"5","5","3898",118.57
-56445.15816373,23080.50555197,"316","316",1,"5","5","3898",118.39
-56445.15816373,23105.50555197,"317","317",1,"5","5","3898",119.74
-56470.15816373,23030.50555197,"318","318",1,"5","5","3898",119.49
-56470.15816373,23055.50555197,"319","319",1,"5","5","3898",119.37
-56495.15816373,23030.50555197,"320","320",1,"5","5","3898",118.09
-56495.15816373,23055.50555197,"321","321",1,"5","5","3898",118
-56520.15816373,23055.50555197,"322","322",1,"5","5","3898",118
-56545.15816373,23055.50555197,"323","323",1,"5","5","3898",118
-56570.15816373,23055.50555197,"324","324",1,"5","5","3898",121.8
-56595.15816373,23030.50555197,"325","325",1,"5","5","3898",118.29
-56620.15816373,23030.50555197,"326","326",1,"5","5","3898",128.88
-56645.15816373,23005.50555197,"327","327",1,"5","5","3898",118.72
-56645.15816373,23030.50555197,"328","328",1,"5","5","3898",135.39
-56670.15816373,23005.50555197,"329","329",1,"5","5","3898",121.57
-56695.15816373,23005.50555197,"330","330",1,"5","5","3898",120.93001
-56720.15816373,23005.50555197,"331","331",1,"5","5","3898",117.92
-56770.15816373,22980.50555197,"332","332",1,"5","5","3898",117.36
-56795.15816373,22980.50555197,"333","333",1,"5","5","3898",117.25
-56820.15816373,22955.50555197,"334","334",1,"5","5","3898",117.57
-56820.15816373,22980.50555197,"335","335",1,"5","5","3898",118.67
-56845.15816373,22955.50555197,"336","336",1,"5","5","3898",119.64
-56870.15816373,22930.50555197,"337","337",1,"5","5","3898",118.57
-56895.15816373,22930.50555197,"338","338",1,"5","5","3898",121.7
-56920.15816373,22905.50555197,"339","339",1,"5","5","3898",117.64
-56945.15816373,22905.50555197,"340","340",1,"5","5","3898",123.03
-56970.15816373,22905.50555197,"341","341",1,"5","5","3898",125.54
-56995.15816373,22905.50555197,"342","342",1,"5","5","3898",123.77
-57020.15816373,22905.50555197,"343","343",1,"5","5","3898",120.45
-57045.15816373,22905.50555197,"344","344",1,"5","5","3898",121.88
-57070.15816373,22905.50555197,"345","345",1,"5","5","3898",129.52
-57095.15816373,22880.50555197,"346","346",1,"5","5","3898",121.78
-57120.15816373,22855.50555197,"347","347",1,"5","5","3898",115.97
-57120.15816373,22880.50555197,"348","348",1,"5","5","3898",126.32
-57145.15816373,22855.50555197,"349","349",1,"5","5","3898",119.05
-57145.15816373,22880.50555197,"350","350",1,"5","5","3898",130.36
-57170.15816373,22855.50555197,"351","351",1,"5","5","3898",119.02
-57195.15816373,22855.50555197,"352","352",1,"5","5","3898",117.67
-57220.15816373,22880.50555197,"353","353",1,"5","5","3898",116.9
-57245.15816373,22905.50555197,"354","354",1,"5","5","3898",118.86
-57270.15816373,22905.50555197,"355","355",1,"5","5","3898",117.92
-57295.15816373,22905.50555197,"356","356",1,"5","5","3898",116.63
-57320.15816373,22905.50555197,"357","357",1,"5","5","3898",115.94
-57345.15816373,22905.50555197,"358","358",1,"5","5","3898",116.23
-57370.15816373,22855.50555197,"359","359",1,"5","5","3898",114.4
-57370.15816373,22880.50555197,"360","360",1,"5","5","3898",114.58
-57370.15816373,22905.50555197,"361","361",1,"5","5","3898",116.29
-57395.15816373,22780.50555197,"362","362",1,"5","5","3898",114.15
-57395.15816373,22805.50555197,"363","363",1,"5","5","3898",114.54
-57395.15816373,22830.50555197,"364","364",1,"5","5","3898",114.62
-57420.15816373,22780.50555197,"365","365",1,"5","5","3898",114.16
-57420.15816373,22805.50555197,"366","366",1,"5","5","3898",113.93
-57420.15816373,22830.50555197,"367","367",1,"5","5","3898",113.89
-57445.15816373,22705.50555197,"368","368",1,"5","5","3898",113.48
-57445.15816373,22730.50555197,"369","369",1,"5","5","3898",113.6
-57445.15816373,22755.50555197,"370","370",1,"5","5","3898",113.6
-57470.15816373,22680.50555197,"371","371",1,"5","5","3898",113.61
-57495.15816373,22680.50555197,"372","372",1,"5","5","3898",113.5
-57520.15816373,22655.50555197,"373","373",1,"5","5","3898",114.28
-57545.15816373,22655.50555197,"374","374",1,"5","5","3898",113.38
-57570.15816373,22655.50555197,"375","375",1,"5","5","3898",113.56
-57595.15816373,22630.50555197,"376","376",1,"5","5","3898",114.1
-57620.15816373,22630.50555197,"377","377",1,"5","5","3898",114.11
-57645.15816373,22605.50555197,"378","378",1,"5","5","3898",113.53
-57645.15816373,22630.50555197,"379","379",1,"5","5","3898",113.92
-57670.15816373,22605.50555197,"380","380",1,"5","5","3898",113.81
-57670.15816373,22630.50555197,"381","381",1,"5","5","3898",113.7
-57695.15816373,22580.50555197,"382","382",1,"5","5","3898",112.79
-57695.15816373,22605.50555197,"383","383",1,"5","5","3898",112.6
-57720.15816373,22505.50555197,"384","384",1,"5","5","3898",112.77
-57720.15816373,22530.50555197,"385","385",1,"5","5","3898",112.7
-57720.15816373,22555.50555197,"386","386",1,"5","5","3898",112.46
-57745.15816373,22480.50555197,"387","387",1,"5","5","3898",112.41
-57770.15816373,22455.50555197,"388","388",1,"5","5","3898",112.69
-57770.15816373,22530.50555197,"389","389",1,"6","6","493",112.2
-57795.15816373,22455.50555197,"390","390",1,"5","5","3898",113.71
-57795.15816373,22530.50555197,"391","391",1,"6","6","493",112.1
-57820.15816373,22455.50555197,"392","392",1,"5","5","3898",112.57
-57820.15816373,22530.50555197,"393","393",1,"6","6","493",111.98
-57845.15816373,22430.50555197,"394","394",1,"5","5","3898",112.47
-57845.15816373,22530.50555197,"395","395",1,"6","6","493",111.9
-57845.15816373,22630.50555197,"396","396",1,"6","6","493",111.8
-57870.15816373,22430.50555197,"397","397",1,"5","5","3898",112.72
-57870.15816373,22530.50555197,"398","398",1,"6","6","493",111.82
-57870.15816373,22630.50555197,"399","399",1,"6","6","493",111.89
-57895.15816373,22405.50555197,"400","400",1,"5","5","3898",112.61
-57895.15816373,22530.50555197,"401","401",1,"6","6","493",111.6
-57895.15816373,22630.50555197,"402","402",1,"6","6","493",111.33
-57920.15816373,22380.50555197,"403","403",1,"5","5","3898",112.23
-57920.15816373,22405.50555197,"404","404",1,"5","5","3898",113.21
-57920.15816373,22530.50555197,"405","405",1,"6","6","493",111.5
-57920.15816373,22630.50555197,"406","406",1,"6","6","493",111.4
-57945.15816373,22380.50555197,"407","407",1,"5","5","3898",113.39
-57945.15816373,22405.50555197,"408","408",1,"5","5","3898",111.56
-57945.15816373,22530.50555197,"409","409",1,"6","6","493",111.6
-57945.15816373,22630.50555197,"410","410",1,"6","6","493",111.2
-57970.15816373,22355.50555197,"411","411",1,"5","5","3898",111.08
-57970.15816373,22505.50555197,"412","412",1,"6","6","493",111.39
-57970.15816373,22530.50555197,"413","413",1,"6","6","493",111.41
-57970.15816373,22630.50555197,"414","414",1,"6","6","493",110.81
-57995.15816373,22355.50555197,"415","415",1,"5","5","3898",112.22
-57995.15816373,22505.50555197,"416","416",1,"6","6","493",110.92
-57995.15816373,22605.50555197,"417","417",1,"6","6","493",111.33
-57995.15816373,22630.50555197,"418","418",1,"6","6","493",110.98
-58020.15816373,22330.50555197,"419","419",1,"5","5","3898",110.16
-58020.15816373,22355.50555197,"420","420",1,"5","5","3898",112.98
-58020.15816373,22505.50555197,"421","421",1,"6","6","493",110.9
-58020.15816373,22605.50555197,"422","422",1,"6","6","493",111.34
-58045.15816373,22505.50555197,"423","423",1,"6","6","493",110.8
-58045.15816373,22605.50555197,"424","424",1,"6","6","493",111.66
-58070.15816373,22505.50555197,"425","425",1,"6","6","493",110.61
-58070.15816373,22605.50555197,"426","426",1,"6","6","493",111.46
-58095.15816373,22505.50555197,"427","427",1,"6","6","493",110.6
-58095.15816373,22605.50555197,"428","428",1,"6","6","493",111.26
-58120.15816373,22505.50555197,"429","429",1,"6","6","493",110.5
-58120.15816373,22605.50555197,"430","430",1,"6","6","493",110.82
-58145.15816373,22505.50555197,"431","431",1,"6","6","493",110.33
-58145.15816373,22605.50555197,"432","432",1,"6","6","493",110.3
-58170.15816373,22505.50555197,"433","433",1,"6","6","493",110.2
-58170.15816373,22605.50555197,"434","434",1,"6","6","493",110.28
-58195.15816373,22505.50555197,"435","435",1,"6","6","493",110.1
-58195.15816373,22605.50555197,"436","436",1,"6","6","493",110.22
-58220.15816373,22505.50555197,"437","437",1,"6","6","493",110.01
-58220.15816373,22605.50555197,"438","438",1,"6","6","493",110.01
-58245.15816373,22505.50555197,"439","439",1,"6","6","493",109.9
-58245.15816373,22605.50555197,"440","440",1,"6","6","493",109.88
-58270.15816373,22480.50555197,"441","441",1,"6","6","493",109.8
-58270.15816373,22580.50555197,"442","442",1,"6","6","493",109.8
-58295.15816373,22480.50555197,"443","443",1,"6","6","493",109.72
-58295.15816373,22580.50555197,"444","444",1,"6","6","493",109.61
-58320.15816373,22480.50555197,"445","445",1,"6","6","493",109.73
-58320.15816373,22580.50555197,"446","446",1,"6","6","493",110.01
-58345.15816373,22480.50555197,"447","447",1,"6","6","493",109.47
-58345.15816373,22580.50555197,"448","448",1,"6","6","493",109.5
-58370.15816373,22480.50555197,"449","449",1,"6","6","493",109.3
-58370.15816373,22580.50555197,"450","450",1,"6","6","493",109.52
-58395.15816373,22480.50555197,"451","451",1,"6","6","493",109.2
-58395.15816373,22580.50555197,"452","452",1,"6","6","493",109.51
-58420.15816373,22480.50555197,"453","453",1,"6","6","493",109.07
-58420.15816373,22580.50555197,"454","454",1,"6","6","493",109.64
-58445.15816373,22480.50555197,"455","455",1,"6","6","493",108.81
-58445.15816373,22580.50555197,"456","456",1,"6","6","493",109.46
-58470.15816373,22480.50555197,"457","457",1,"6","6","493",108.6
-58470.15816373,22580.50555197,"458","458",1,"6","6","493",109.23
-58495.15816373,22480.50555197,"459","459",1,"6","6","493",108.56
-58495.15816373,22580.50555197,"460","460",1,"6","6","493",108.93
-58520.15816373,22480.50555197,"461","461",1,"6","6","493",108.4
-58520.15816373,22580.50555197,"462","462",1,"6","6","493",108.71
-58545.15816373,22480.50555197,"463","463",1,"6","6","493",108.2
-58545.15816373,22580.50555197,"464","464",1,"6","6","493",108.15
-58570.15816373,22455.50555197,"465","465",1,"6","6","493",108.41
-58570.15816373,22580.50555197,"466","466",1,"6","6","493",108.83
-58595.15816373,22455.50555197,"467","467",1,"6","6","493",108.53
-58595.15816373,22580.50555197,"468","468",1,"6","6","493",109.16
-58620.15816373,22455.50555197,"469","469",1,"6","6","493",108.22
-58620.15816373,22555.50555197,"470","470",1,"6","6","493",107.8
-58645.15816373,22455.50555197,"471","471",1,"6","6","493",110.69
-58645.15816373,22555.50555197,"472","472",1,"6","6","493",109.25
-58670.15816373,22455.50555197,"473","473",1,"6","6","493",110.17001
-58670.15816373,22555.50555197,"474","474",1,"6","6","493",110.16
-58695.15816373,22455.50555197,"475","475",1,"6","6","493",107.75
-58695.15816373,22555.50555197,"476","476",1,"6","6","493",108.79
-58720.15816373,22455.50555197,"477","477",1,"6","6","493",107.74
-58720.15816373,22555.50555197,"478","478",1,"6","6","493",108.14
-58745.15816373,22455.50555197,"479","479",1,"6","6","493",107.57
-58745.15816373,22555.50555197,"480","480",1,"6","6","493",108.17
-58770.15816373,22455.50555197,"481","481",1,"6","6","493",107.5
-58770.15816373,22555.50555197,"482","482",1,"6","6","493",107.72
-58795.15816373,22455.50555197,"483","483",1,"6","6","493",107.46
-58795.15816373,22555.50555197,"484","484",1,"6","6","493",107.65
-58820.15816373,22455.50555197,"485","485",1,"6","6","493",107.49
-58820.15816373,22555.50555197,"486","486",1,"6","6","493",107.44
-58845.15816373,22455.50555197,"487","487",1,"6","6","493",107.58
-58845.15816373,22555.50555197,"488","488",1,"6","6","493",107
-58870.15816373,22455.50555197,"489","489",1,"6","6","493",107.14
-58870.15816373,22555.50555197,"490","490",1,"6","6","493",106.91
-58895.15816373,22455.50555197,"491","491",1,"6","6","493",107.26
-58895.15816373,22555.50555197,"492","492",1,"6","6","493",106.94
-58920.15816373,22430.50555197,"493","493",1,"6","6","493",110.65
-58920.15816373,22555.50555197,"494","494",1,"6","6","493",106.85
-58945.15816373,22430.50555197,"495","495",1,"6","6","493",109.05
-58945.15816373,22555.50555197,"496","496",1,"6","6","493",106.8
-58970.15816373,22430.50555197,"497","497",1,"6","6","493",107.14
-58970.15816373,22555.50555197,"498","498",1,"6","6","493",106.74
-58995.15816373,22430.50555197,"499","499",1,"6","6","493",106.81
-58995.15816373,22555.50555197,"500","500",1,"6","6","493",106.64
-59020.15816373,22430.50555197,"501","501",1,"6","6","493",106.73
-59020.15816373,22530.50555197,"502","502",1,"6","6","493",107.25
-59020.15816373,22655.50555197,"503","503",1,"6","6","493",106.46
-59045.15816373,22405.50555197,"504","504",1,"6","6","493",109.38
-59045.15816373,22530.50555197,"505","505",1,"6","6","493",107.25
-59045.15816373,22655.50555197,"506","506",1,"6","6","493",106.4
-59045.15816373,22805.50555197,"507","507",1,"6","6","493",107.44
-59045.15816373,23005.50555197,"508","508",1,"6","6","493",109.48
-59070.15816373,22405.50555197,"509","509",1,"6","6","493",108.25
-59070.15816373,22530.50555197,"510","510",1,"6","6","493",107.18
-59070.15816373,22655.50555197,"511","511",1,"6","6","493",106.5
-59070.15816373,22830.50555197,"512","512",1,"6","6","493",107.1
-59070.15816373,22905.50555197,"513","513",1,"6","6","493",107.1
-59070.15816373,22930.50555197,"514","514",1,"6","6","493",107.15
-59070.15816373,22955.50555197,"515","515",1,"6","6","493",108.51
-59070.15816373,22980.50555197,"516","516",1,"6","6","493",110.6
-59095.15816373,22405.50555197,"517","517",1,"6","6","493",107.2
-59095.15816373,22530.50555197,"518","518",1,"6","6","493",106.75
-59095.15816373,22630.50555197,"519","519",1,"6","6","493",106.51
-59095.15816373,22805.50555197,"520","520",1,"6","6","493",107.57
-59095.15816373,22830.50555197,"521","521",1,"6","6","493",107.1
-59095.15816373,22855.50555197,"522","522",1,"6","6","493",107.1
-59095.15816373,22880.50555197,"523","523",1,"6","6","493",107.1
-59095.15816373,22905.50555197,"524","524",1,"6","6","493",107.91
-59120.15816373,22405.50555197,"525","525",1,"6","6","493",106.69
-59120.15816373,22530.50555197,"526","526",1,"6","6","493",106.54
-59120.15816373,22630.50555197,"527","527",1,"6","6","493",106.12
-59120.15816373,22805.50555197,"528","528",1,"6","6","493",108.80999
-59120.15816373,22830.50555197,"529","529",1,"6","6","493",107.16
-59145.15816373,22405.50555197,"530","530",1,"6","6","493",106.42
-59145.15816373,22530.50555197,"531","531",1,"6","6","493",106.23
-59145.15816373,22630.50555197,"532","532",1,"6","6","493",106.42
-59145.15816373,22805.50555197,"533","533",1,"6","6","493",108.95
-59145.15816373,22830.50555197,"534","534",1,"6","6","493",111.28
-59170.15816373,22405.50555197,"535","535",1,"6","6","493",106.4
-59170.15816373,22530.50555197,"536","536",1,"6","6","493",106.13
-59170.15816373,22630.50555197,"537","537",1,"6","6","493",106.41
-59170.15816373,22730.50555197,"538","538",1,"6","6","493",107
-59170.15816373,22780.50555197,"539","539",1,"6","6","493",108.18
-59170.15816373,22805.50555197,"540","540",1,"6","6","493",108.61001
-59195.15816373,22405.50555197,"541","541",1,"6","6","493",106.3
-59195.15816373,22530.50555197,"542","542",1,"6","6","493",106.56
-59195.15816373,22630.50555197,"543","543",1,"6","6","493",106.23
-59195.15816373,22680.50555197,"544","544",1,"6","6","493",106.19
-59195.15816373,22705.50555197,"545","545",1,"6","6","493",106.68
-59195.15816373,22730.50555197,"546","546",1,"6","6","493",109.31
-59195.15816373,22755.50555197,"547","547",1,"6","6","493",111.42
-59220.15816373,22405.50555197,"548","548",1,"6","6","493",106.12
-59220.15816373,22530.50555197,"549","549",1,"6","6","493",106.04
-59220.15816373,22630.50555197,"550","550",1,"6","6","493",106.1
-59220.15816373,22655.50555197,"551","551",1,"6","6","493",106.12
-59220.15816373,22680.50555197,"552","552",1,"6","6","493",108.99
-59245.15816373,22405.50555197,"553","553",1,"6","6","493",106.11
-59245.15816373,22505.50555197,"554","554",1,"6","6","493",106.1
-59245.15816373,22580.50555197,"555","555",1,"6","6","493",106
-59245.15816373,22605.50555197,"556","556",1,"6","6","493",106.01
-59270.15816373,22405.50555197,"557","557",1,"6","6","493",106.07
-59270.15816373,22505.50555197,"558","558",1,"6","6","493",106.01
-59270.15816373,22580.50555197,"559","559",1,"6","6","493",108.06
-59270.15816373,22605.50555197,"560","560",1,"6","6","493",106.7
-59295.15816373,22380.50555197,"561","561",1,"6","6","493",109.52
-59295.15816373,22505.50555197,"562","562",1,"6","6","493",106.31
-59295.15816373,22555.50555197,"563","563",1,"6","6","493",109
-59295.15816373,22580.50555197,"564","564",1,"6","6","493",107.71
-59320.15816373,22380.50555197,"565","565",1,"6","6","493",108.87
-59320.15816373,22505.50555197,"566","566",1,"6","6","493",106.52
-59320.15816373,22530.50555197,"567","567",1,"6","6","493",105.92
-59320.15816373,22555.50555197,"568","568",1,"6","6","493",106.56
-59345.15816373,22380.50555197,"569","569",1,"6","6","493",108.71
-59345.15816373,22480.50555197,"570","570",1,"6","6","493",106.19
-59345.15816373,22505.50555197,"571","571",1,"6","6","493",108.44
-59370.15816373,22380.50555197,"572","572",1,"6","6","493",108.59
-59370.15816373,22430.50555197,"573","573",1,"6","6","493",106.05
-59370.15816373,22455.50555197,"574","574",1,"6","6","493",106.18
-59395.15816373,22380.50555197,"575","575",1,"6","6","493",106.73
-59395.15816373,22430.50555197,"576","576",1,"6","6","493",106.08
-59395.15816373,22455.50555197,"577","577",1,"6","6","493",108.69
-59420.15816373,22380.50555197,"578","578",1,"6","6","493",106.56
-59420.15816373,22405.50555197,"579","579",1,"6","6","493",106.03
-59445.15816373,22380.50555197,"580","580",1,"6","6","493",106
-59445.15816373,22405.50555197,"581","581",1,"6","6","493",107.86
-59470.15816373,22380.50555197,"582","582",1,"6","6","493",105.19
