paddy_id,mesh_rakusui,mesh_paddy,dist,orifice,drn_id,total_distance
1,2422,2330,58.23005367258209,1.0,19088.0,6036.982896279986
2,2340,2340,0.0,1.0,19088.0,1501.776695296637
3,2350,2350,0.0,1.0,18850.0,1982.4518593143644
4,2366,2366,0.0,1.0,19088.0,1526.776695296637
5,2379,2379,0.0,1.0,19088.0,6076.389521310894
6,2417,2390,30.491962168178024,1.0,19088.0,6076.389521310894
7,2392,2392,0.0,1.0,13657.0,314.41228056353685
8,2405,2405,0.0,1.0,19088.0,6061.982896279986
9,2419,2419,0.0,1.0,19088.0,6080.393381119438
10,2422,2426,117.68380735872424,1.0,19088.0,6036.982896279986
11,2440,2440,0.0,1.0,18850.0,620.7106781186548
12,2450,2450,0.0,1.0,13657.0,425.4941209459271
13,2458,2458,0.0,1.0,19088.0,3216.5147308034243
14,3039,2472,115.53557283604174,1.0,19088.0,3216.5147308034243
15,13499,2496,17.430940192231017,1.0,18850.0,720.7106781186548
16,2499,2499,0.0,1.0,18850.0,645.7106781186548
17,1174,2511,58.26011058911288,1.0,18850.0,920.4782977415191
18,3039,2527,11.009299041106367,1.0,19088.0,3216.5147308034243
19,2528,2528,0.0,1.0,18850.0,2026.776695296637
20,2542,2542,0.0,1.0,13657.0,331.06601717798213
21,2558,2558,0.0,1.0,19088.0,1526.776695296637
22,2563,2563,0.0,1.0,13657.0,450.4941209459271
23,2419,2581,115.57386055730933,1.0,19088.0,6080.393381119438
24,2587,2587,0.0,1.0,19088.0,6548.427114912897
25,2592,2592,0.0,1.0,19088.0,1601.7766952966372
26,2608,2608,0.0,1.0,13657.0,185.35533905932738
27,2615,2615,0.0,1.0,19088.0,1576.7766952966372
28,13499,2630,50.794843060430594,1.0,18850.0,720.7106781186548
29,2636,2636,0.0,1.0,19088.0,1576.7766952966372
30,2644,2644,0.0,1.0,18850.0,2203.0513047895993
31,2657,2657,0.0,1.0,18850.0,2184.169242879869
32,2419,2673,104.14854144382448,1.0,19088.0,6080.393381119438
33,2675,2675,0.0,1.0,19088.0,1601.7766952966372
34,2688,2688,0.0,1.0,19088.0,6548.427114912897
35,2422,2706,116.7292913684356,1.0,19088.0,6036.982896279986
36,13499,2711,19.46121297233751,1.0,18850.0,720.7106781186548
37,2718,2718,0.0,1.0,19088.0,1551.7766952966372
38,13499,2728,28.318108372870476,1.0,18850.0,720.7106781186548
39,2422,2729,18.697914346257555,1.0,19088.0,6036.982896279986
40,2734,2734,0.0,1.0,13657.0,638.7444119121137
41,2752,2752,0.0,1.0,19088.0,1551.7766952966372
42,13499,2759,37.91694943401262,1.0,18850.0,720.7106781186548
43,2761,2761,0.0,1.0,19088.0,1576.7766952966372
44,1174,2796,193.8056809251013,1.0,18850.0,920.4782977415191
45,2808,2808,0.0,1.0,19088.0,5234.275961239183
46,2810,2810,0.0,1.0,18850.0,1316.127023778454
47,2843,2824,14.431843879211662,1.0,19088.0,1326.776695296637
48,2834,2834,0.0,1.0,18850.0,1338.432979699769
49,2843,2843,0.0,1.0,19088.0,1326.776695296637
50,2917,2855,104.6480055025335,1.0,19088.0,5179.061640374066
51,2873,2873,0.0,1.0,19088.0,5253.895249633309
52,2880,2880,0.0,1.0,18850.0,1338.432979699769
53,2893,2893,0.0,1.0,18850.0,1316.127023778454
54,25584,2908,75.24083808330501,1.0,18850.0,1766.9154771832366
55,2916,2916,0.0,1.0,19088.0,5179.061640374066
56,2876,2926,111.17071179948779,1.0,19088.0,5253.895249633309
57,2977,2941,7.602368764357274,1.0,19088.0,1351.776695296637
58,2962,2962,0.0,1.0,19088.0,5079.7250863114305
59,2809,2972,99.30956756835508,1.0,19088.0,5234.275961239183
60,2975,2975,0.0,1.0,19088.0,1351.776695296637
61,2991,2991,0.0,1.0,19088.0,1326.776695296637
62,25411,3003,33.63236751425065,1.0,18850.0,806.0660171779821
63,3010,3010,0.0,1.0,18850.0,731.0660171779821
64,3021,3021,0.0,1.0,19088.0,3191.5147308034243
65,3026,3026,0.0,1.0,19088.0,1401.776695296637
66,3039,3039,0.0,1.0,19088.0,3216.5147308034243
67,3046,3047,118.11376604042613,1.0,19088.0,3216.5147308034243
68,3070,3070,0.0,1.0,19088.0,1501.776695296637
69,3072,3072,0.0,1.0,18850.0,645.7106781186548
70,3080,3080,0.0,1.0,18850.0,1440.0257974501787
71,3092,3092,0.0,1.0,18850.0,1338.432979699769
72,3107,3107,0.0,1.0,18850.0,731.0660171779821
73,3157,3121,11.021048924563633,1.0,19088.0,1401.776695296637
74,3122,3122,0.0,1.0,19088.0,1376.776695296637
75,3135,3135,0.0,1.0,18850.0,775.0
76,2044,3152,16.81932094572604,1.0,18850.0,670.7106781186548
77,3156,3156,0.0,1.0,19088.0,1401.776695296637
78,3181,3181,0.0,1.0,19088.0,1401.776695296637
79,3184,3184,0.0,1.0,18850.0,4558.7486699406045
80,2876,3194,117.60132337143371,1.0,19088.0,5253.895249633309
81,3212,3212,0.0,1.0,13657.0,497.1587379343169
82,3215,3215,0.0,1.0,13657.0,842.5921829294655
83,3235,3235,0.0,1.0,14605.0,25.0
84,3242,3242,0.0,1.0,21822.0,361.9677166154769
85,3251,3251,0.0,1.0,13657.0,968.0337337934591
86,3261,3261,0.0,1.0,18850.0,825.0
87,3411,3269,61.225524324483125,1.0,18850.0,920.4782977415191
88,1205,3279,11.728309568420999,1.0,18850.0,920.4782977415191
89,3290,3290,0.0,1.0,18850.0,2479.041396516223
90,4056,3313,64.20277909021495,1.0,19088.0,3567.629923487306
91,3411,3321,17.895338032809605,1.0,18850.0,920.4782977415191
92,4056,3325,133.412886818393,1.0,19088.0,3567.629923487306
93,3730,3332,11.533628228202742,1.0,21822.0,1231.449510224598
94,3342,3342,0.0,1.0,21822.0,1256.449510224598
95,1147,3355,221.53066549897414,1.0,21822.0,578.3890728527863
96,4056,3374,114.61240483167327,1.0,19088.0,3567.629923487306
97,3411,3378,45.26817585696309,1.0,18850.0,920.4782977415191
98,4056,3400,20.029416803540848,1.0,19088.0,3567.629923487306
99,1174,3406,87.09642265030033,1.0,18850.0,920.4782977415191
100,3411,3411,0.0,1.0,18850.0,920.4782977415191
101,3414,3414,0.0,1.0,19088.0,1801.7766952966372
102,3426,3426,0.0,1.0,18850.0,4748.237069866636
103,3429,3429,0.0,1.0,13657.0,2683.9419707566335
104,3436,3436,0.0,1.0,19088.0,1801.7766952966372
105,3451,3451,0.0,1.0,13657.0,2683.9419707566335
106,4056,3454,124.04689372983376,1.0,19088.0,3567.629923487306
107,3499,3467,9.604097112207548,1.0,19088.0,1801.7766952966372
108,4056,3489,45.48762670918969,1.0,19088.0,3567.629923487306
109,3411,3491,36.374679188367324,1.0,18850.0,920.4782977415191
110,3499,3499,0.0,1.0,19088.0,1801.7766952966372
111,4056,3526,213.47281139838938,1.0,19088.0,3567.629923487306
112,4056,3538,112.45163174075797,1.0,19088.0,3567.629923487306
113,3708,3549,58.78145343723716,1.0,21822.0,1281.4495102245983
114,3558,3558,0.0,1.0,21822.0,1256.449510224598
115,3569,3569,0.0,1.0,13657.0,972.8802958732092
116,1093,3581,124.79132385335254,1.0,21822.0,618.0337337934591
117,1093,3588,218.0879444070616,1.0,21822.0,618.0337337934591
118,1147,3596,32.31557425238091,1.0,21822.0,578.3890728527863
119,3606,3606,0.0,1.0,21822.0,643.0337337934591
120,3622,3622,0.0,1.0,14605.0,85.35533905932738
121,3726,3632,23.84655130622687,1.0,21822.0,563.5800941716263
122,3642,3642,0.0,1.0,18850.0,825.0
123,1294,3651,14.93009026751077,1.0,18850.0,1075.0
124,3411,3657,41.22786971675377,1.0,18850.0,920.4782977415191
125,3658,3658,0.0,1.0,13657.0,497.1587379343169
126,1045,3674,9.715289991880608,1.0,21822.0,361.9677166154769
127,1147,3686,130.5646928811245,1.0,21822.0,578.3890728527863
128,3761,3694,54.77615804999988,1.0,21822.0,538.5800941716263
129,3708,3708,0.0,1.0,21822.0,1281.4495102245983
130,3761,3715,45.053522339764385,1.0,21822.0,538.5800941716263
131,3726,3726,0.0,1.0,21822.0,563.5800941716263
132,1174,3752,73.86371750278026,1.0,18850.0,920.4782977415191
133,3755,3755,0.0,1.0,21822.0,538.5800941716263
134,1204,3773,27.970906206751096,1.0,18850.0,2357.2816966165083
135,3776,3776,0.0,1.0,19088.0,1676.7766952966372
136,3792,3792,0.0,1.0,13657.0,601.3351444326433
137,3803,3803,0.0,1.0,19088.0,6795.996665744355
138,4137,3812,38.133644582566774,1.0,19088.0,6430.016630073446
139,4041,3819,6.627394751148383,1.0,18850.0,2781.102498203454
140,4137,3835,101.7559451414768,1.0,19088.0,6430.016630073446
141,3836,3836,0.0,1.0,18850.0,2781.102498203454
142,3857,3857,0.0,1.0,21822.0,216.25703849682213
143,3861,3861,0.0,1.0,19088.0,1601.7766952966372
144,3869,3869,0.0,1.0,19088.0,1676.7766952966372
145,3948,3876,11.595778442681437,1.0,19088.0,6548.427114912897
146,3886,3886,0.0,1.0,19088.0,1651.7766952966372
147,3778,3897,10.446177954907453,1.0,19088.0,1676.7766952966372
148,3916,3916,0.0,1.0,19088.0,1651.7766952966372
149,2587,3936,97.21319379700988,1.0,19088.0,6548.427114912897
150,3946,3946,0.0,1.0,19088.0,6795.996665744355
151,4172,3962,112.68021015185327,1.0,19088.0,6445.414123351104
152,1190,3969,36.253859302364226,1.0,18850.0,1020.7106781186549
153,4172,3981,105.75827997426774,1.0,19088.0,6445.414123351104
154,3994,3994,0.0,1.0,19088.0,6445.414123351104
155,4056,4007,122.01319681403305,1.0,19088.0,3567.629923487306
156,4010,4010,0.0,1.0,19088.0,1776.7766952966372
157,4019,4019,0.0,1.0,19088.0,1701.7766952966372
158,4027,4027,0.0,1.0,13657.0,842.5921829294655
159,4039,4039,0.0,1.0,18850.0,2501.536120975118
160,4056,4056,0.0,1.0,19088.0,3567.629923487306
161,4067,4067,0.0,1.0,19088.0,1701.7766952966372
162,4048,4077,22.858828289687324,1.0,18850.0,2501.536120975118
163,4079,4079,0.0,1.0,19088.0,1726.7766952966372
164,4094,4094,0.0,1.0,18850.0,2251.776695296637
165,4102,4102,0.0,1.0,13657.0,638.7444119121137
166,4122,4122,0.0,1.0,19088.0,1701.7766952966372
167,4130,4130,0.0,1.0,19088.0,6430.016630073446
168,4137,4151,97.09277318870865,1.0,19088.0,6430.016630073446
169,4158,4158,0.0,1.0,19088.0,1726.7766952966372
170,4171,4171,0.0,1.0,19088.0,6445.414123351104
171,4181,4181,0.0,1.0,13657.0,972.8802958732092
172,4204,4191,117.99390058579152,1.0,21822.0,2799.137948257903
173,4204,4204,0.0,1.0,21822.0,2799.137948257903
174,5221,4214,224.30940588117127,1.0,21822.0,3122.011611704868
175,5160,4232,259.1787185313961,1.0,21822.0,2989.6208581801925
176,4237,4237,0.0,1.0,21822.0,2754.328638373343
177,5160,4249,117.28039251184437,1.0,21822.0,2989.6208581801925
178,4254,4254,0.0,1.0,21822.0,2668.9101800615376
179,4204,4266,113.23721980676521,1.0,21822.0,2799.137948257903
180,4672,4283,97.23736431452451,1.0,21822.0,4077.3194440640746
181,4389,4287,15.908134600880718,1.0,21822.0,2756.741006960685
182,4297,4297,0.0,1.0,21822.0,2707.3431597613067
183,4308,4308,0.0,1.0,21822.0,2886.943913854997
184,5160,4315,107.71508578923282,1.0,21822.0,2989.6208581801925
185,4333,4333,0.0,1.0,21822.0,2886.943913854997
186,5160,4336,110.05759369202308,1.0,21822.0,2989.6208581801925
187,4333,4357,14.50741168621587,1.0,21822.0,2886.943913854997
188,393,4360,15.75615974461104,1.0,21822.0,2756.741006960685
189,4374,4374,0.0,1.0,21822.0,2799.137948257903
190,4389,4389,0.0,1.0,21822.0,2756.741006960685
191,4208,4400,13.60262128940001,1.0,21822.0,2799.137948257903
192,917,4403,110.0735945820636,1.0,21822.0,4052.3194440640746
193,4204,4418,296.8282902753138,1.0,21822.0,2799.137948257903
194,4204,4421,243.8309419471072,1.0,21822.0,2799.137948257903
195,4472,4433,15.688928205840101,1.0,21822.0,2593.183961180573
196,4204,4442,107.48634342807219,1.0,21822.0,2799.137948257903
197,4204,4458,198.14468238226266,1.0,21822.0,2799.137948257903
198,4461,4461,0.0,1.0,21822.0,2437.4474647659326
199,4204,4479,303.0310142318658,1.0,21822.0,2799.137948257903
200,4204,4487,197.37229999932183,1.0,21822.0,2799.137948257903
201,6338,4492,112.73162668744209,1.0,21822.0,2391.9011043877654
202,6338,4504,14.403241514982527,1.0,21822.0,2391.9011043877654
203,4204,4513,141.50913245763857,1.0,21822.0,2799.137948257903
204,4204,4520,256.5140362417901,1.0,21822.0,2799.137948257903
205,4584,4533,11.318788983516255,1.0,21822.0,2754.328638373343
206,4543,4543,0.0,1.0,21822.0,2593.183961180573
207,4204,4548,274.4116129839181,1.0,21822.0,2799.137948257903
208,4553,4553,0.0,1.0,21822.0,2652.256443447093
209,4204,4572,107.01061101853648,1.0,21822.0,2799.137948257903
210,4582,4582,0.0,1.0,21822.0,2593.183961180573
211,4204,4603,200.01011252551743,1.0,21822.0,2799.137948257903
212,4204,4605,106.1455778076173,1.0,21822.0,2799.137948257903
213,4204,4614,261.236754220278,1.0,21822.0,2799.137948257903
214,4582,4637,7.864716131632198,1.0,21822.0,2593.183961180573
215,4204,4643,109.05902645148078,1.0,21822.0,2799.137948257903
216,4204,4649,289.8755800310477,1.0,21822.0,2799.137948257903
217,4657,4657,0.0,1.0,21822.0,4227.319444064075
218,4667,4659,22.350671900765864,1.0,21822.0,3399.218012420745
219,4667,4667,0.0,1.0,21822.0,3399.218012420745
220,5035,4676,101.78194401007438,1.0,21822.0,4189.7893242899845
221,5035,4695,15.26356535637242,1.0,21822.0,4189.7893242899845
222,4973,4697,19.951351409036324,1.0,21822.0,4223.2625025598645
223,4705,4705,0.0,1.0,21822.0,3574.218012420745
224,4717,4717,0.0,1.0,21822.0,3424.218012420745
225,4807,4734,14.485153298386292,1.0,21822.0,3279.484694426994
226,4672,4742,36.732943091827735,1.0,21822.0,4077.3194440640746
227,891,4752,11.615652740727286,1.0,21822.0,3254.484694426994
228,917,4759,18.97611553144392,1.0,21822.0,4052.3194440640746
229,5035,4766,108.39710954123406,1.0,21822.0,4189.7893242899845
230,5001,4781,15.392438079057966,1.0,21822.0,3293.145067335719
231,4791,4791,0.0,1.0,21822.0,3122.011611704868
232,4806,4806,0.0,1.0,21822.0,3279.484694426994
233,4815,4815,0.0,1.0,21822.0,3080.5164099758626
234,4820,4820,0.0,1.0,21822.0,3988.6585764937095
235,858,4833,17.11991069443137,1.0,21822.0,3151.06277035403
236,916,4837,20.54696510323584,1.0,21822.0,4027.3194440640746
237,4848,4848,0.0,1.0,21822.0,3988.6585764937095
238,4977,4851,9.592432124629767,1.0,21822.0,3076.0627703540295
239,4865,4865,0.0,1.0,21822.0,3055.5164099758626
240,4876,4876,0.0,1.0,21822.0,3055.5164099758626
241,4669,4883,20.20571707690269,1.0,21822.0,3399.218012420745
242,4708,4891,17.773138877772855,1.0,21822.0,4322.865804442242
243,4957,4903,11.767175971734794,1.0,21822.0,4349.437187726872
244,4971,4905,9.434696397070075,1.0,21822.0,4322.865804442242
245,4674,4915,12.312369138344572,1.0,21822.0,4077.3194440640746
246,918,4926,12.312369138351098,1.0,21822.0,4052.3194440640746
247,4673,4935,20.794996404832396,1.0,21822.0,4077.3194440640746
248,4719,4947,10.04845922847604,1.0,21822.0,3399.218012420745
249,4949,4949,0.0,1.0,21822.0,3574.218012420745
250,7706,4967,100.2704124003992,1.0,21822.0,4275.144663349312
251,4968,4968,0.0,1.0,21822.0,4227.319444064075
252,4976,4976,0.0,1.0,21822.0,3076.0627703540295
253,4992,4992,0.0,1.0,21822.0,3176.227088094517
254,5001,5001,0.0,1.0,21822.0,3293.145067335719
255,5010,5010,0.0,1.0,21822.0,3293.145067335719
256,4957,5017,21.12323518285296,1.0,21822.0,4349.437187726872
257,5035,5035,0.0,1.0,21822.0,4189.7893242899845
258,4726,5040,81.32681904634022,1.0,21822.0,3399.218012420745
259,917,5049,70.07686788610143,1.0,21822.0,4052.3194440640746
260,5058,5058,0.0,1.0,21822.0,3113.8110720573973
261,853,5080,28.2099822051502,1.0,21822.0,3151.06277035403
262,4715,5086,46.18994862043743,1.0,21822.0,4322.865804442242
263,5094,5094,0.0,1.0,21822.0,2959.754130553187
264,5221,5100,109.92115223263417,1.0,21822.0,3122.011611704868
265,559,5115,77.60579303426387,1.0,21822.0,2941.3975534768297
266,559,5122,27.207684547964373,1.0,21822.0,2941.3975534768297
267,5058,5136,19.297659819576722,1.0,21822.0,3113.8110720573973
268,559,5145,31.17159873173836,1.0,21822.0,2941.3975534768297
269,5160,5160,0.0,1.0,21822.0,2989.6208581801925
270,5164,5164,0.0,1.0,21822.0,3176.227088094517
271,5183,5183,0.0,1.0,21822.0,2989.6208581801925
272,884,5191,17.291876961262787,1.0,21822.0,3094.571833859832
273,5221,5204,111.54764313426533,1.0,21822.0,3122.011611704868
274,5221,5221,0.0,1.0,21822.0,3122.011611704868
275,4672,5224,51.74042917390144,1.0,21822.0,4077.3194440640746
276,917,5231,39.39045389357104,1.0,21822.0,4052.3194440640746
277,864,5236,13.519786839032529,1.0,21822.0,3080.5164099758626
278,5244,5244,0.0,1.0,21822.0,3080.5164099758626
279,5253,5253,0.0,1.0,21822.0,3055.5164099758626
280,4725,5267,44.40207754688962,1.0,21822.0,3424.218012420745
281,4726,5272,67.72410147206162,1.0,21822.0,3399.218012420745
282,853,5276,22.877142851641203,1.0,21822.0,3151.06277035403
283,5253,5284,23.498541646550773,1.0,21822.0,3055.5164099758626
284,5292,5292,0.0,1.0,21822.0,3055.5164099758626
285,5304,5304,0.0,1.0,21822.0,1796.5871243867332
286,5304,5316,87.06924471589492,1.0,21822.0,1796.5871243867332
287,1110,5324,267.56981826204907,1.0,14605.0,301.7766952966369
288,5900,5335,282.5444483036033,1.0,21822.0,1786.2317853274058
289,5900,5345,286.99912279657343,1.0,21822.0,1786.2317853274058
290,3411,5348,443.6458397914069,1.0,18850.0,920.4782977415191
291,1367,5358,425.647680949474,1.0,14605.0,557.842712474619
292,5375,5375,0.0,1.0,21822.0,1831.9424634460606
293,1110,5380,235.51481032415512,1.0,14605.0,301.7766952966369
294,5900,5394,181.77836750577393,1.0,21822.0,1786.2317853274058
295,5900,5404,363.9254840431709,1.0,21822.0,1786.2317853274058
296,5410,5410,0.0,1.0,21822.0,1867.2978025053878
297,5900,5430,78.3503831602367,1.0,21822.0,1786.2317853274058
298,3411,5441,448.7402471227293,1.0,18850.0,920.4782977415191
299,5900,5443,274.3565453353869,1.0,21822.0,1786.2317853274058
300,5900,5463,170.24041311231497,1.0,21822.0,1786.2317853274058
301,1110,5466,260.537330348376,1.0,14605.0,301.7766952966369
302,5900,5471,276.0138110081277,1.0,21822.0,1786.2317853274058
303,5900,5481,79.6063631736467,1.0,21822.0,1786.2317853274058
304,5499,5499,0.0,1.0,21822.0,1796.5871243867332
305,5900,5507,362.3082895138451,1.0,21822.0,1786.2317853274058
306,5900,5510,173.4654412186315,1.0,21822.0,1786.2317853274058
307,5304,5522,181.45545319317992,1.0,21822.0,1796.5871243867332
308,5539,5539,0.0,1.0,21822.0,1940.2887268316153
309,5547,5547,0.0,1.0,21822.0,1940.2887268316153
310,3411,5562,463.65667693513586,1.0,18850.0,920.4782977415191
311,1110,5577,263.7143845156906,1.0,14605.0,301.7766952966369
312,5304,5586,207.95767011988826,1.0,21822.0,1796.5871243867332
313,1110,5589,280.64504743241116,1.0,14605.0,301.7766952966369
314,5304,5603,301.35078447566417,1.0,21822.0,1796.5871243867332
315,5304,5606,94.37245937389726,1.0,21822.0,1796.5871243867332
316,5634,5634,0.0,1.0,21822.0,1831.9424634460606
317,5304,5644,191.9842304075559,1.0,21822.0,1796.5871243867332
318,5634,5650,71.92787709876615,1.0,21822.0,1831.9424634460606
319,5304,5658,146.8467316699987,1.0,21822.0,1796.5871243867332
320,3411,5676,383.9429900048093,1.0,18850.0,920.4782977415191
321,5304,5680,166.61116994603637,1.0,21822.0,1796.5871243867332
322,5900,5696,290.04486273805287,1.0,21822.0,1786.2317853274058
323,5415,5699,33.69389057730793,1.0,21822.0,1940.2887268316153
324,5415,5709,56.76574056356761,1.0,21822.0,1940.2887268316153
325,5634,5710,98.3765776681552,1.0,21822.0,1831.9424634460606
326,5724,5724,0.0,1.0,21822.0,1629.933387772288
327,12632,5748,350.6576440515215,1.0,21822.0,1511.2317853274058
328,3411,5756,418.80667916645336,1.0,18850.0,920.4782977415191
329,5885,5757,83.42057131821754,1.0,21822.0,1629.933387772288
330,12632,5776,352.6236777098414,1.0,21822.0,1511.2317853274058
331,12632,5785,263.2095519107912,1.0,21822.0,1511.2317853274058
332,12637,5787,167.43672008916045,1.0,21822.0,1594.5780487129605
333,3411,5805,384.20667817017835,1.0,18850.0,920.4782977415191
334,3411,5808,410.9862487554331,1.0,18850.0,920.4782977415191
335,3411,5811,353.05556718352443,1.0,18850.0,920.4782977415191
336,12632,5822,255.0852849744663,1.0,21822.0,1511.2317853274058
337,12637,5835,78.84645864741188,1.0,21822.0,1594.5780487129605
338,12632,5842,153.92890667771385,1.0,21822.0,1511.2317853274058
339,5856,5856,0.0,1.0,14605.0,582.842712474619
340,12632,5871,346.55624019041187,1.0,21822.0,1511.2317853274058
341,5885,5874,82.26183837019369,1.0,21822.0,1629.933387772288
342,5885,5885,0.0,1.0,21822.0,1629.933387772288
343,6009,5890,273.46744137347576,1.0,21822.0,1671.5871243867332
344,5900,5900,0.0,1.0,21822.0,1786.2317853274058
345,6009,5926,166.33650842913028,1.0,21822.0,1671.5871243867332
346,6009,5932,80.0996794125118,1.0,21822.0,1671.5871243867332
347,1110,5938,238.18899666420728,1.0,14605.0,301.7766952966369
348,6009,5951,169.39566519844075,1.0,21822.0,1671.5871243867332
349,3411,5953,428.283406319514,1.0,18850.0,920.4782977415191
350,5900,5960,361.85830235811915,1.0,21822.0,1786.2317853274058
351,1110,5968,238.41409628642938,1.0,14605.0,301.7766952966369
352,5900,5979,77.51581558945698,1.0,21822.0,1786.2317853274058
353,5900,5986,274.799403576837,1.0,21822.0,1786.2317853274058
354,5900,6004,170.20067603776923,1.0,21822.0,1786.2317853274058
355,6007,6007,0.0,1.0,21822.0,1761.2317853274058
356,6009,6022,172.00549211771815,1.0,21822.0,1671.5871243867332
357,6009,6027,365.0957117385807,1.0,21822.0,1671.5871243867332
358,5725,6041,81.83321812183131,1.0,21822.0,1646.5871243867332
359,5725,6054,173.46070350860023,1.0,21822.0,1646.5871243867332
360,6009,6060,82.00938681567551,1.0,21822.0,1671.5871243867332
361,6009,6075,169.99587556751925,1.0,21822.0,1671.5871243867332
362,6009,6079,273.50794478642143,1.0,21822.0,1671.5871243867332
363,6413,6092,338.70479025639486,1.0,21822.0,2137.4474647659326
364,6413,6104,267.78442461877336,1.0,21822.0,2137.4474647659326
365,6112,6112,0.0,1.0,21822.0,2196.1904262691105
366,12910,6123,250.91694693177124,1.0,14605.0,582.842712474619
367,6413,6134,184.22699303251738,1.0,21822.0,2137.4474647659326
368,6413,6147,221.28653122565956,1.0,21822.0,2137.4474647659326
369,6413,6159,83.3865371606255,1.0,21822.0,2137.4474647659326
370,6413,6180,144.41606061189304,1.0,21822.0,2137.4474647659326
371,6413,6183,340.71385883975535,1.0,21822.0,2137.4474647659326
372,6413,6190,176.73865479582517,1.0,21822.0,2137.4474647659326
373,6413,6208,250.18513835915186,1.0,21822.0,2137.4474647659326
374,4204,6212,260.88561241309355,1.0,21822.0,2799.137948257903
375,4204,6217,203.28218438928627,1.0,21822.0,2799.137948257903
376,6332,6232,112.61001979531773,1.0,21822.0,2331.5457653284375
377,6338,6247,47.714584143986016,1.0,21822.0,2391.9011043877654
378,6332,6256,110.1589090212278,1.0,21822.0,2331.5457653284375
379,6273,6264,17.910496287106767,1.0,21822.0,2256.5457653284375
380,6272,6272,0.0,1.0,21822.0,2256.5457653284375
381,6413,6280,269.37996719898047,1.0,21822.0,2137.4474647659326
382,6332,6286,106.23838822979795,1.0,21822.0,2331.5457653284375
383,6413,6302,295.49441400994436,1.0,21822.0,2137.4474647659326
384,4465,6318,15.146099024776323,1.0,21822.0,2437.4474647659326
385,6332,6327,20.212716910281177,1.0,21822.0,2331.5457653284375
386,6331,6331,0.0,1.0,21822.0,2366.9011043877654
387,4204,6350,321.39300316774955,1.0,21822.0,2799.137948257903
388,6276,6357,12.156099218778254,1.0,21822.0,2306.545765328438
389,6332,6369,162.5500567504136,1.0,21822.0,2331.5457653284375
390,6413,6374,200.67577881016845,1.0,21822.0,2137.4474647659326
391,4465,6386,18.820334401419853,1.0,21822.0,2437.4474647659326
392,5304,6389,314.94363236146944,1.0,21822.0,1796.5871243867332
393,5634,6396,244.58470868574975,1.0,21822.0,1831.9424634460606
394,6413,6413,0.0,1.0,21822.0,2137.4474647659326
395,5304,6422,321.5621564055736,1.0,21822.0,1796.5871243867332
396,6413,6445,209.1871256894891,1.0,21822.0,2137.4474647659326
397,5304,6463,323.46539219423295,1.0,21822.0,1796.5871243867332
398,5539,6477,118.56518297608206,1.0,21822.0,1940.2887268316153
399,6413,6479,51.354402076454676,1.0,21822.0,2137.4474647659326
400,6413,6495,188.26759525886794,1.0,21822.0,2137.4474647659326
401,5304,6497,228.03140796497144,1.0,21822.0,1796.5871243867332
402,5304,6513,308.213047777122,1.0,21822.0,1796.5871243867332
403,5556,6515,23.622635727384026,1.0,21822.0,2077.0921257066047
404,1367,6530,140.8268737805109,1.0,14605.0,557.842712474619
405,5304,6540,239.11096675597108,1.0,21822.0,1796.5871243867332
406,6548,6548,0.0,1.0,21822.0,2121.1904262691105
407,6413,6561,339.80338053940926,1.0,21822.0,2137.4474647659326
408,6413,6573,255.9799497997523,1.0,21822.0,2137.4474647659326
409,5539,6578,343.0881162510255,1.0,21822.0,1940.2887268316153
410,6413,6589,263.2752503632227,1.0,21822.0,2137.4474647659326
411,6413,6593,58.231833133388214,1.0,21822.0,2137.4474647659326
412,6413,6601,64.3152028029979,1.0,21822.0,2137.4474647659326
413,6413,6616,147.69183898334802,1.0,21822.0,2137.4474647659326
414,5539,6624,247.13632977834504,1.0,21822.0,1940.2887268316153
415,5304,6629,339.2344785783328,1.0,21822.0,1796.5871243867332
416,324,6644,222.21163100678342,1.0,16779.0,1000.8074840926716
417,6843,6651,179.3244181001139,1.0,16779.0,176.7766952966369
418,7039,6660,104.88940690141719,1.0,21822.0,4585.500002408638
419,7104,6670,257.0037820297687,1.0,16779.0,1107.158451729723
420,6682,6682,0.0,1.0,21822.0,4660.500002408638
421,6684,6697,14.896409503185236,1.0,21822.0,4645.8553414679645
422,7104,6704,246.1436062419579,1.0,16779.0,1107.158451729723
423,6843,6709,103.50577714607203,1.0,16779.0,176.7766952966369
424,6843,6724,112.31749904747358,1.0,16779.0,176.7766952966369
425,324,6731,197.11662407862988,1.0,16779.0,1000.8074840926716
426,7104,6736,223.60281752522354,1.0,16779.0,1107.158451729723
427,6689,6744,18.45850426235345,1.0,21822.0,4554.598302971142
428,7104,6748,273.9422266901378,1.0,16779.0,1107.158451729723
429,7104,6762,240.6186089544372,1.0,16779.0,1107.158451729723
430,324,6770,172.2841739930556,1.0,16779.0,1000.8074840926716
431,7104,6778,199.5976792028885,1.0,16779.0,1107.158451729723
432,6843,6782,56.629228420119546,1.0,16779.0,176.7766952966369
433,6840,6799,16.896884222078462,1.0,21822.0,4660.500002408638
434,6843,6808,9.272687938914311,1.0,16779.0,176.7766952966369
435,7104,6813,173.7441098109747,1.0,16779.0,1107.158451729723
436,7104,6822,195.74995694995206,1.0,16779.0,1107.158451729723
437,6831,6831,0.0,1.0,16779.0,201.7766952966369
438,6843,6843,0.0,1.0,16779.0,176.7766952966369
439,6843,6856,94.88559499876719,1.0,16779.0,176.7766952966369
440,6862,6862,0.0,1.0,21822.0,4529.598302971142
441,6949,6874,182.02070787825622,1.0,21822.0,4549.880718484201
442,6862,6881,87.50651978484636,1.0,21822.0,4529.598302971142
443,324,6885,322.1357829028002,1.0,16779.0,1000.8074840926716
444,7104,6892,333.18986343906045,1.0,16779.0,1107.158451729723
445,7104,6903,372.6490383121471,1.0,16779.0,1107.158451729723
446,324,6921,284.44359948780186,1.0,16779.0,1000.8074840926716
447,7104,6928,335.74481096189186,1.0,16779.0,1107.158451729723
448,6932,6932,0.0,1.0,21822.0,4645.8553414679645
449,6949,6949,0.0,1.0,21822.0,4549.880718484201
450,6949,6957,83.57483424392447,1.0,21822.0,4549.880718484201
451,7039,6966,90.75244374323643,1.0,21822.0,4585.500002408638
452,324,6982,247.50158058759297,1.0,16779.0,1000.8074840926716
453,7104,6990,301.3137461867166,1.0,16779.0,1107.158451729723
454,7039,6998,98.0477495907128,1.0,21822.0,4585.500002408638
455,6932,7011,14.896409503086137,1.0,21822.0,4645.8553414679645
456,7039,7020,182.2102005789484,1.0,21822.0,4585.500002408638
457,7104,7031,267.9694106373432,1.0,16779.0,1107.158451729723
458,7038,7038,0.0,1.0,21822.0,4529.598302971142
459,7039,7043,87.47015295544884,1.0,21822.0,4585.500002408638
460,7104,7051,303.44488890021756,1.0,16779.0,1107.158451729723
461,7039,7061,181.87923028881553,1.0,21822.0,4585.500002408638
462,7104,7072,37.829578148481836,1.0,16779.0,1107.158451729723
463,7077,7077,0.0,1.0,16779.0,639.0155824459137
464,7088,7088,0.0,1.0,16779.0,1096.473309464956
465,7095,7095,0.0,1.0,16779.0,866.2570384968221
466,15311,7117,101.52601747609576,1.0,16779.0,395.71067811865476
467,10298,7133,8.911858182923929,1.0,16779.0,1782.5011786882171
468,7135,7135,0.0,1.0,16779.0,1491.081515034049
469,324,7149,118.90798329067314,1.0,16779.0,1000.8074840926716
470,7104,7158,113.09076541028736,1.0,16779.0,1107.158451729723
471,7167,7167,0.0,1.0,16779.0,160.35533905932738
472,7170,7170,0.0,1.0,16779.0,185.35533905932738
473,7104,7181,154.37600599202224,1.0,16779.0,1107.158451729723
474,324,7187,139.07095139407997,1.0,16779.0,1000.8074840926716
475,324,7197,71.84862820175385,1.0,16779.0,1000.8074840926716
476,7200,7200,0.0,1.0,16779.0,581.5324293440291
477,7104,7210,83.0212722381853,1.0,16779.0,1107.158451729723
478,4720,7228,116.5089572904579,1.0,21822.0,3424.218012420745
479,4720,7231,102.70423328884262,1.0,21822.0,3424.218012420745
480,7280,7245,104.0280254964922,1.0,21822.0,4287.944566356699
481,4971,7246,121.23766497762936,1.0,21822.0,4322.865804442242
482,7258,7258,0.0,1.0,21822.0,4212.944566356699
483,7280,7270,98.79509814692608,1.0,21822.0,4287.944566356699
484,7277,7277,0.0,1.0,21822.0,4212.944566356699
485,4949,7307,109.98946027428336,1.0,21822.0,3574.218012420745
486,4720,7312,141.87053935915546,1.0,21822.0,3424.218012420745
487,7289,7314,118.62235454475002,1.0,21822.0,4319.242963911817
488,7285,7325,16.469739579521125,1.0,21822.0,4354.598302971144
489,7289,7339,74.52648208111539,1.0,21822.0,4319.242963911817
490,7289,7357,25.384057107769358,1.0,21822.0,4319.242963911817
491,848,7366,100.37517246675053,1.0,21822.0,3176.06277035403
492,4879,7379,90.16023845219225,1.0,21822.0,3988.6585764937095
493,4816,7389,92.13541114348394,1.0,21822.0,3080.5164099758626
494,4720,7404,91.79707969304664,1.0,21822.0,3424.218012420745
495,7278,7409,14.71176693964205,1.0,21822.0,4287.944566356699
496,4949,7424,113.44712983343656,1.0,21822.0,3574.218012420745
497,12910,7426,1264.6595087074936,1.0,14605.0,582.842712474619
498,848,7442,98.78450253330466,1.0,21822.0,3176.06277035403
499,846,7451,102.96754306877558,1.0,21822.0,3176.06277035403
500,918,7460,107.31051616860569,1.0,21822.0,4052.3194440640746
501,848,7469,99.91328916434915,1.0,21822.0,3176.06277035403
502,1367,7472,1207.096683042365,1.0,14605.0,557.842712474619
503,7481,7481,0.0,1.0,21822.0,2843.677799684402
504,4848,7507,181.57613743971257,1.0,21822.0,3988.6585764937095
505,4720,7517,182.23417000520345,1.0,21822.0,3424.218012420745
506,848,7522,179.45836715072437,1.0,21822.0,3176.06277035403
507,7289,7542,180.9232377739093,1.0,21822.0,4319.242963911817
508,4720,7548,167.00717142357033,1.0,21822.0,3424.218012420745
509,4720,7558,174.64398769992982,1.0,21822.0,3424.218012420745
510,7566,7566,0.0,1.0,21822.0,2843.677799684402
511,1367,7577,1186.914670594564,1.0,14605.0,557.842712474619
512,12910,7584,1231.8326103068227,1.0,14605.0,582.842712474619
513,12910,7591,1220.423948598248,1.0,14605.0,582.842712474619
514,4879,7599,186.90011880916882,1.0,21822.0,3988.6585764937095
515,12910,7607,1249.4704507772324,1.0,14605.0,582.842712474619
516,12910,7617,1220.36354384147,1.0,14605.0,582.842712474619
517,4720,7625,155.887637483752,1.0,21822.0,3424.218012420745
518,4978,7634,178.74453630862013,1.0,21822.0,3076.0627703540295
519,4720,7638,155.29769386195045,1.0,21822.0,3424.218012420745
520,4720,7650,139.76984962102142,1.0,21822.0,3424.218012420745
521,7289,7653,126.3990734704635,1.0,21822.0,4319.242963911817
522,4977,7669,54.531997242053784,1.0,21822.0,3076.0627703540295
523,7683,7683,0.0,1.0,21822.0,4183.887624852489
524,7706,7694,11.572557473272125,1.0,21822.0,4275.144663349312
525,7696,7696,0.0,1.0,21822.0,4275.144663349312
526,4977,7707,36.163917975496354,1.0,21822.0,3076.0627703540295
527,7706,7727,87.14346676336474,1.0,21822.0,4275.144663349312
528,4957,7732,28.743453903949526,1.0,21822.0,4349.437187726872
529,4971,7740,52.24484821006545,1.0,21822.0,4322.865804442242
530,848,7748,37.298615740097674,1.0,21822.0,3176.06277035403
531,4957,7758,59.52476018677308,1.0,21822.0,4349.437187726872
532,4957,7777,56.65523045402616,1.0,21822.0,4349.437187726872
533,7784,7784,0.0,1.0,21822.0,4189.7893242899845
534,4957,7794,33.8229583455978,1.0,21822.0,4349.437187726872
535,848,7805,30.353395307270624,1.0,21822.0,3176.06277035403
536,4971,7809,22.712819942636795,1.0,21822.0,4322.865804442242
537,7945,7817,15.054610645441336,1.0,21822.0,4158.887624852489
538,4720,7825,22.718097303565045,1.0,21822.0,3424.218012420745
539,850,7829,20.36277816496854,1.0,21822.0,3151.06277035403
540,4978,7838,92.59146657267785,1.0,21822.0,3076.0627703540295
541,4978,7846,86.60402064853105,1.0,21822.0,3076.0627703540295
542,4977,7858,101.88998120200903,1.0,21822.0,3076.0627703540295
543,4957,7870,99.72648758133995,1.0,21822.0,4349.437187726872
544,4971,7882,70.32808670495291,1.0,21822.0,4322.865804442242
545,4978,7891,99.75397994646876,1.0,21822.0,3076.0627703540295
546,7903,7903,0.0,1.0,21822.0,4212.944566356699
547,7259,7909,105.72116328900698,1.0,21822.0,4212.944566356699
548,4879,7922,92.2632312098249,1.0,21822.0,3988.6585764937095
549,4879,7930,91.53913461085402,1.0,21822.0,3988.6585764937095
550,7696,7938,87.6273196883349,1.0,21822.0,4275.144663349312
551,7944,7944,0.0,1.0,21822.0,4158.887624852489
552,7944,7955,102.00844417957786,1.0,21822.0,4158.887624852489
553,7959,7959,0.0,1.0,21822.0,4212.944566356699
554,4978,7974,93.93244919319683,1.0,21822.0,3076.0627703540295
555,4957,7983,90.78031579904308,1.0,21822.0,4349.437187726872
556,4669,8001,84.18483987987047,1.0,21822.0,3399.218012420745
557,8011,8011,0.0,1.0,21822.0,4158.887624852489
558,8225,8014,89.12376241044396,1.0,21822.0,4524.880718484201
559,8225,8032,192.13270920135557,1.0,21822.0,4524.880718484201
560,8037,8037,0.0,1.0,21822.0,4485.236057543529
561,848,8041,328.4911218723664,1.0,21822.0,3176.06277035403
562,8051,8051,0.0,1.0,21822.0,4495.591396602856
563,8413,8068,193.70773477170044,1.0,21822.0,2918.677799684402
564,848,8073,290.54137640598975,1.0,21822.0,3176.06277035403
565,4720,8078,337.5853931617225,1.0,21822.0,3424.218012420745
566,8413,8094,93.40858261165756,1.0,21822.0,2918.677799684402
567,848,8097,322.1736460200067,1.0,21822.0,3176.06277035403
568,8120,8112,183.97192998449046,1.0,21822.0,4524.880718484201
569,8118,8118,0.0,1.0,21822.0,4524.880718484201
570,325,8127,309.8432822123081,1.0,16779.0,1096.473309464956
571,848,8131,352.51166332452635,1.0,21822.0,3176.06277035403
572,4879,8143,356.24216049763226,1.0,21822.0,3988.6585764937095
573,325,8147,333.6819221643146,1.0,16779.0,1096.473309464956
574,848,8155,378.0385326174951,1.0,21822.0,3176.06277035403
575,324,8162,301.7938087717148,1.0,16779.0,1000.8074840926716
576,6949,8173,185.88301310007444,1.0,21822.0,4549.880718484201
577,324,8180,341.6834408372568,1.0,16779.0,1000.8074840926716
578,8120,8188,84.23558864329544,1.0,21822.0,4524.880718484201
579,324,8207,286.8539762098603,1.0,16779.0,1000.8074840926716
580,7104,8216,366.2757152616394,1.0,16779.0,1107.158451729723
581,8225,8225,0.0,1.0,21822.0,4524.880718484201
582,8225,8234,87.05692945321923,1.0,21822.0,4524.880718484201
583,325,8240,320.5647480945143,1.0,16779.0,1096.473309464956
584,325,8246,338.3560465570969,1.0,16779.0,1096.473309464956
585,850,8261,330.3724936534857,1.0,21822.0,3151.06277035403
586,848,8267,345.64633092080976,1.0,21822.0,3176.06277035403
587,4720,8274,234.66457045872744,1.0,21822.0,3424.218012420745
588,4720,8288,236.3925509311996,1.0,21822.0,3424.218012420745
589,7289,8295,179.36236914528416,1.0,21822.0,4319.242963911817
590,848,8305,239.85494895819227,1.0,21822.0,3176.06277035403
591,8357,8312,97.40660421320362,1.0,21822.0,2868.677799684402
592,4970,8319,205.9674688493984,1.0,21822.0,4223.2625025598645
593,4879,8330,197.57149337897872,1.0,21822.0,3988.6585764937095
594,4720,8338,203.7891339155481,1.0,21822.0,3424.218012420745
595,4720,8345,221.81162776377295,1.0,21822.0,3424.218012420745
596,4720,8353,217.44608368788852,1.0,21822.0,3424.218012420745
597,8357,8357,0.0,1.0,21822.0,2868.677799684402
598,848,8367,219.43985111247474,1.0,21822.0,3176.06277035403
599,7289,8377,100.55642274889126,1.0,21822.0,4319.242963911817
600,4879,8386,200.41377726199923,1.0,21822.0,3988.6585764937095
601,850,8394,201.70811763371051,1.0,21822.0,3151.06277035403
602,4879,8404,285.6745636297944,1.0,21822.0,3988.6585764937095
603,8412,8412,0.0,1.0,21822.0,2918.677799684402
604,8413,8430,91.09342427863801,1.0,21822.0,2918.677799684402
605,4720,8431,280.00395098322144,1.0,21822.0,3424.218012420745
606,848,8443,293.7086835178308,1.0,21822.0,3176.06277035403
607,848,8449,254.29528887468302,1.0,21822.0,3176.06277035403
608,8452,8452,0.0,1.0,21822.0,2893.677799684402
609,8413,8471,93.1954745497936,1.0,21822.0,2918.677799684402
610,8472,8472,0.0,1.0,21822.0,2893.677799684402
611,4720,8484,245.74167817600951,1.0,21822.0,3424.218012420745
612,848,8495,259.4877548878296,1.0,21822.0,3176.06277035403
613,4879,8499,227.73470664157588,1.0,21822.0,3988.6585764937095
614,8413,8515,230.02838624425962,1.0,21822.0,2918.677799684402
615,8413,8530,192.21818203390234,1.0,21822.0,2918.677799684402
616,4720,8536,277.7971472841686,1.0,21822.0,3424.218012420745
617,8229,8541,8.268770858913179,1.0,21822.0,4485.236057543529
618,8560,8560,0.0,1.0,19088.0,3799.5590828624267
619,8569,8569,0.0,1.0,19088.0,3831.471719918344
620,8570,8570,0.0,1.0,19088.0,3807.4298088932605
621,8585,8585,0.0,1.0,19088.0,4155.160946818193
622,8585,8591,57.08484926679109,1.0,19088.0,4155.160946818193
623,1817,8598,235.8096455420291,1.0,16779.0,905.8336368008463
624,8570,8616,20.10781293163299,1.0,19088.0,3807.4298088932605
625,8623,8623,0.0,1.0,18850.0,1045.0238615205305
626,9060,8629,39.363871078723335,1.0,18850.0,300.0
627,8640,8640,0.0,1.0,19088.0,831.0660171779821
628,8647,8647,0.0,1.0,18850.0,737.1320343559643
629,8656,8656,0.0,1.0,19088.0,3544.621617120014
630,7097,8671,446.47988426311775,1.0,16779.0,1176.6123775561496
631,8684,8684,0.0,1.0,19088.0,856.0660171779821
632,8718,8693,44.22509151078886,1.0,19088.0,4175.657801042192
633,8698,8698,0.0,1.0,19088.0,991.4213562373095
634,8717,8717,0.0,1.0,19088.0,4155.160946818193
635,8721,8721,0.0,1.0,19088.0,4317.803748100406
636,8728,8728,0.0,1.0,19088.0,4459.358680793557
637,8728,8736,44.63531422441468,1.0,19088.0,4459.358680793557
638,8745,8745,0.0,1.0,19088.0,991.4213562373095
639,8833,8751,43.941212088124026,1.0,19088.0,931.0660171779821
640,8755,8755,0.0,1.0,18850.0,1625.9564848497848
641,8771,8771,0.0,1.0,18850.0,300.0
642,8585,8784,85.2554796625266,1.0,19088.0,4155.160946818193
643,8585,8793,89.36606083726544,1.0,19088.0,4155.160946818193
644,8795,8795,0.0,1.0,18850.0,942.8694160529717
645,7097,8801,364.1198779728547,1.0,16779.0,1176.6123775561496
646,8585,8811,94.63888485744876,1.0,19088.0,4155.160946818193
647,7097,8818,398.7112601204846,1.0,16779.0,1176.6123775561496
648,8819,8819,0.0,1.0,19088.0,3987.384413255908
649,8833,8833,0.0,1.0,19088.0,931.0660171779821
650,8839,8839,0.0,1.0,19088.0,966.4213562373095
651,7097,8853,403.4215356597216,1.0,16779.0,1176.6123775561496
652,8891,8858,58.010909126656955,1.0,19088.0,3255.925049239669
653,8891,8867,62.994118117390684,1.0,19088.0,3255.925049239669
654,8875,8875,0.0,1.0,19088.0,731.0660171779821
655,8887,8887,0.0,1.0,19088.0,3255.925049239669
656,8891,8891,0.0,1.0,19088.0,3255.925049239669
657,8897,8897,0.0,1.0,18850.0,625.4941209459272
658,8909,8909,0.0,1.0,19088.0,681.0660171779821
659,8917,8917,0.0,1.0,18850.0,509.95864094170423
660,8931,8931,0.0,1.0,19088.0,3132.3615325437186
661,11051,8940,63.204493548101205,1.0,16779.0,2171.8290224405487
662,11051,8950,27.366249339934075,1.0,16779.0,2171.8290224405487
663,8959,8959,0.0,1.0,19088.0,681.0660171779821
664,8891,8968,58.467251432844826,1.0,19088.0,3255.925049239669
665,11051,8978,104.44718955101688,1.0,16779.0,2171.8290224405487
666,8990,8990,0.0,1.0,19088.0,3132.3615325437186
667,9000,9000,0.0,1.0,19088.0,656.0660171779821
668,7097,9019,427.2157522709795,1.0,16779.0,1176.6123775561496
669,9023,9023,0.0,1.0,18850.0,628.0776406404415
670,8658,9032,42.092672810824276,1.0,19088.0,3916.6241960669663
671,9043,9043,0.0,1.0,18850.0,460.3553390593274
672,9057,9057,0.0,1.0,18850.0,235.35533905932738
673,9060,9060,0.0,1.0,18850.0,300.0
674,9075,9075,0.0,1.0,19088.0,2687.292140415046
675,9082,9082,0.0,1.0,18850.0,1045.0238615205305
676,9092,9092,0.0,1.0,19088.0,806.0660171779821
677,7097,9098,360.27033838091285,1.0,16779.0,1176.6123775561496
678,9105,9105,0.0,1.0,18850.0,712.1320343559643
679,7097,9122,463.0001081521684,1.0,16779.0,1176.6123775561496
680,11051,9124,46.32312478471804,1.0,16779.0,2171.8290224405487
681,9135,9135,0.0,1.0,18850.0,757.6783947341316
682,8658,9152,117.59228419453468,1.0,19088.0,3916.6241960669663
683,9169,9157,71.28211556500007,1.0,19088.0,2687.292140415046
684,9168,9168,0.0,1.0,19088.0,3349.8914076173123
685,9177,9177,0.0,1.0,19088.0,781.0660171779821
686,8658,9186,51.90051038119636,1.0,19088.0,3916.6241960669663
687,9188,9188,0.0,1.0,18850.0,410.3553390593274
688,9200,9200,0.0,1.0,19088.0,1241.4213562373097
689,9214,9214,0.0,1.0,19088.0,1241.4213562373097
690,9217,9217,0.0,1.0,18850.0,516.4213562373095
691,9580,9230,19.104364206860172,1.0,19088.0,4930.5410297748995
692,9239,9239,0.0,1.0,19088.0,1241.4213562373097
693,9254,9254,0.0,1.0,18850.0,1155.7545343934394
694,9247,9273,63.724005056572516,1.0,19088.0,1291.4213562373097
695,9277,9277,0.0,1.0,19088.0,4859.19569561319
696,9285,9285,0.0,1.0,18850.0,680.788784054476
697,9302,9302,0.0,1.0,18850.0,1331.066017177982
698,9304,9304,0.0,1.0,18850.0,612.1320343559643
699,9318,9318,0.0,1.0,19088.0,1191.4213562373097
700,9326,9326,0.0,1.0,19088.0,1241.4213562373097
701,9331,9331,0.0,1.0,19088.0,4852.528086285105
702,9436,9350,101.0529340059363,1.0,19088.0,5176.516068228012
703,9352,9352,0.0,1.0,18850.0,2137.351209662093
704,9363,9363,0.0,1.0,18850.0,1241.127023778454
705,9333,9379,58.13992836601556,1.0,19088.0,4852.528086285105
706,9388,9388,0.0,1.0,19088.0,1216.4213562373097
707,9401,9401,0.0,1.0,18850.0,1786.8377018971087
708,9411,9411,0.0,1.0,19088.0,4936.101059671581
709,9421,9421,0.0,1.0,19088.0,1326.776695296637
710,9435,9435,0.0,1.0,19088.0,5079.7250863114305
711,9436,9446,83.6060321469499,1.0,19088.0,5176.516068228012
712,9452,9452,0.0,1.0,19088.0,1291.4213562373097
713,9466,9466,0.0,1.0,18850.0,987.1320343559643
714,9477,9477,0.0,1.0,19088.0,1291.4213562373097
715,9490,9490,0.0,1.0,18850.0,1338.432979699769
716,25413,9511,142.0279993657539,1.0,18850.0,791.4213562373095
717,2977,9519,10.258987530761349,1.0,19088.0,1351.776695296637
718,9580,9541,7.91811157726738,1.0,19088.0,4930.5410297748995
719,9545,9545,0.0,1.0,19088.0,4930.5410297748995
720,9436,9556,95.65355290242904,1.0,19088.0,5176.516068228012
721,9436,9571,160.6690992677511,1.0,19088.0,5176.516068228012
722,9575,9575,0.0,1.0,19088.0,4930.5410297748995
723,9589,9589,0.0,1.0,18850.0,1566.8944269073218
724,9593,9593,0.0,1.0,19088.0,4399.410784998203
725,9832,9606,54.59070436291864,1.0,19088.0,4340.19162277674
726,9832,9609,105.59710319747734,1.0,19088.0,4340.19162277674
727,9728,9617,59.60643369519555,1.0,19088.0,4279.603784366928
728,9618,9618,0.0,1.0,19088.0,1041.4213562373095
729,9627,9627,0.0,1.0,19088.0,1041.4213562373095
730,9640,9640,0.0,1.0,18850.0,1625.9564848497848
731,9650,9650,0.0,1.0,18850.0,612.1320343559643
732,9832,9663,54.516662834939,1.0,19088.0,4340.19162277674
733,8728,9664,110.0149065456742,1.0,19088.0,4459.358680793557
734,9674,9674,0.0,1.0,19088.0,991.4213562373095
735,9728,9693,50.17021474095601,1.0,19088.0,4279.603784366928
736,9695,9695,0.0,1.0,19088.0,1016.4213562373095
737,9832,9710,105.13516810819627,1.0,19088.0,4340.19162277674
738,9728,9713,132.5445342793006,1.0,19088.0,4279.603784366928
739,9725,9725,0.0,1.0,19088.0,1016.4213562373095
740,9728,9728,0.0,1.0,19088.0,4279.603784366928
741,9736,9736,0.0,1.0,19088.0,1166.4213562373095
742,9749,9749,0.0,1.0,19088.0,1166.4213562373095
743,9954,9755,14.938478197276165,1.0,19088.0,4478.580990190263
744,9765,9765,0.0,1.0,19088.0,1191.4213562373097
745,9770,9770,0.0,1.0,19088.0,1166.4213562373095
746,9793,9793,0.0,1.0,18850.0,825.9882418918542
747,9279,9800,102.36322896803671,1.0,19088.0,4859.19569561319
748,9802,9802,0.0,1.0,19088.0,4633.168147703857
749,9333,9819,119.0774857114259,1.0,19088.0,4852.528086285105
750,9279,9821,58.986634734687215,1.0,19088.0,4859.19569561319
751,9830,9830,0.0,1.0,19088.0,4340.19162277674
752,9837,9837,0.0,1.0,19088.0,1091.4213562373095
753,9737,9854,83.94717403817742,1.0,19088.0,1091.4213562373095
754,9857,9857,0.0,1.0,19088.0,1091.4213562373095
755,9956,9878,50.50824570111622,1.0,19088.0,4478.580990190263
756,9885,9885,0.0,1.0,19088.0,1066.4213562373095
757,9956,9892,150.38527770597972,1.0,19088.0,4478.580990190263
758,9956,9902,107.46187521722561,1.0,19088.0,4478.580990190263
759,9906,9906,0.0,1.0,18850.0,1376.776695296637
760,10245,9912,34.841609605097716,1.0,16779.0,1006.0660171779823
761,9956,9918,52.5089464188251,1.0,19088.0,4478.580990190263
762,10290,9928,65.67183173900663,1.0,16779.0,1824.7676196228645
763,25117,9941,141.30716904205215,1.0,18850.0,236.8033988749895
764,9956,9946,105.77673689638341,1.0,19088.0,4478.580990190263
765,9952,9952,0.0,1.0,19088.0,4340.19162277674
766,10377,9966,37.98611248000169,1.0,16779.0,1636.967716615477
767,10236,9979,112.9851635591458,1.0,16779.0,1824.7676196228645
768,10236,9988,84.13243919595907,1.0,16779.0,1824.7676196228645
769,10369,9994,65.09886279984289,1.0,16779.0,511.8033988749895
770,10245,10006,60.28380246996521,1.0,16779.0,1006.0660171779823
771,10245,10013,50.79701190861006,1.0,16779.0,1006.0660171779823
772,10369,10021,51.851063078670784,1.0,16779.0,511.8033988749895
773,243,10034,117.64374038115864,1.0,18850.0,35.35533905932738
774,10041,10041,0.0,1.0,19088.0,210.35533905932738
775,10054,10054,0.0,1.0,19088.0,286.8033988749895
776,10065,10065,0.0,1.0,19088.0,191.25703849682213
777,10074,10074,0.0,1.0,19088.0,180.90169943749476
778,10236,10083,142.80500731055236,1.0,16779.0,1824.7676196228645
779,10236,10098,122.92761620929316,1.0,16779.0,1824.7676196228645
780,209,10111,44.18571681027378,1.0,16779.0,2181.0759481435052
781,10119,10119,0.0,1.0,19088.0,210.35533905932738
782,10828,10131,57.73434188888825,1.0,16779.0,2066.5135158369794
783,10133,10133,0.0,1.0,19088.0,930.788784054476
784,10151,10151,0.0,1.0,19088.0,310.3553390593274
785,10157,10157,0.0,1.0,19088.0,930.788784054476
786,10347,10171,49.722669151693516,1.0,16779.0,511.8033988749895
787,10183,10183,0.0,1.0,19088.0,401.6123775561495
788,10202,10202,0.0,1.0,19088.0,210.35533905932738
789,10221,10221,0.0,1.0,16779.0,1051.6123775561496
790,7135,10229,93.10910782637585,1.0,16779.0,1491.081515034049
791,10236,10236,0.0,1.0,16779.0,1824.7676196228645
792,10245,10245,0.0,1.0,16779.0,1006.0660171779823
793,25117,10252,156.9053907340843,1.0,18850.0,236.8033988749895
794,10377,10269,44.127939175321806,1.0,16779.0,1636.967716615477
795,182,10272,22.531027894069585,1.0,16779.0,2049.895553491086
796,18850,10288,142.58587589864058,1.0,18850.0,0.0
797,10290,10290,0.0,1.0,16779.0,1824.7676196228645
798,10296,10296,0.0,1.0,16779.0,1782.5011786882171
799,7096,10310,14.825589733004914,1.0,16779.0,1176.6123775561496
800,10317,10317,0.0,1.0,16779.0,1882.9275477290373
801,10331,10331,0.0,1.0,16779.0,1083.9621368093062
802,10338,10338,0.0,1.0,16779.0,1681.1569286534248
803,10347,10347,0.0,1.0,16779.0,511.8033988749895
804,10353,10353,0.0,1.0,16779.0,511.8033988749895
805,7096,10361,22.197498210816708,1.0,16779.0,1176.6123775561496
806,10369,10369,0.0,1.0,16779.0,511.8033988749895
807,10376,10376,0.0,1.0,16779.0,1627.8911762471537
808,10389,10389,0.0,1.0,19088.0,3124.976197239519
809,10399,10399,0.0,1.0,19088.0,570.7106781186548
810,10500,10414,15.887892458952978,1.0,19088.0,2074.0438171227556
811,1905,10418,43.534237452685446,1.0,18850.0,485.3553390593274
812,10500,10427,39.66691093530696,1.0,19088.0,2074.0438171227556
813,10432,10432,0.0,1.0,19088.0,3124.976197239519
814,10500,10445,69.31603420255075,1.0,19088.0,2074.0438171227556
815,11023,10453,67.02588564348223,1.0,19088.0,2231.873501270654
816,10495,10463,75.34712065556731,1.0,19088.0,2074.0438171227556
817,10495,10471,83.6761437439961,1.0,19088.0,2074.0438171227556
818,11023,10480,20.20723394408008,1.0,19088.0,2231.873501270654
819,10389,10486,19.584476207355532,1.0,19088.0,3124.976197239519
820,10495,10495,0.0,1.0,19088.0,2074.0438171227556
821,10501,10501,0.0,1.0,19088.0,2880.5071344480803
822,10515,10515,0.0,1.0,19088.0,1915.883680504456
823,10526,10526,0.0,1.0,19088.0,470.71067811865476
824,10543,10543,0.0,1.0,19088.0,2581.412658677446
825,11023,10555,37.08101932515704,1.0,19088.0,2231.873501270654
826,10556,10556,0.0,1.0,19088.0,545.7106781186548
827,10517,10572,21.85341543837692,1.0,19088.0,1915.883680504456
828,10580,10580,0.0,1.0,19088.0,620.7106781186548
829,266,10590,123.37434620377017,1.0,16779.0,2106.745540578848
830,10605,10605,0.0,1.0,19088.0,656.0660171779821
831,10611,10611,0.0,1.0,18850.0,625.4941209459272
832,10517,10631,95.26166890065085,1.0,19088.0,1915.883680504456
833,10640,10640,0.0,1.0,19088.0,3344.411674755256
834,1905,10653,33.41693838214651,1.0,18850.0,485.3553390593274
835,221,10663,139.92170797631593,1.0,16779.0,2049.895553491086
836,8933,10670,74.92184160503116,1.0,19088.0,3132.3615325437186
837,10515,10688,41.26560929951487,1.0,19088.0,1915.883680504456
838,1719,10690,15.494946611044304,1.0,19088.0,595.7106781186548
839,11049,10706,79.19305718291749,1.0,16779.0,826.3799971790137
840,11023,10713,93.59194846930528,1.0,19088.0,2231.873501270654
841,11023,10723,111.60021292169564,1.0,19088.0,2231.873501270654
842,10500,10738,45.294306038614934,1.0,19088.0,2074.0438171227556
843,10747,10747,0.0,1.0,19088.0,3281.312401277054
844,10754,10754,0.0,1.0,19088.0,3328.594122730344
845,11023,10766,132.97355516253617,1.0,19088.0,2231.873501270654
846,1741,10776,124.67823956812848,1.0,19088.0,2423.447493675424
847,11023,10785,118.50016116163093,1.0,19088.0,2231.873501270654
848,11023,10788,122.09333933881265,1.0,19088.0,2231.873501270654
849,25117,10795,100.10911283421741,1.0,18850.0,236.8033988749895
850,10801,10801,0.0,1.0,19088.0,360.3553390593274
851,10820,10820,0.0,1.0,19088.0,1196.8686194538159
852,10825,10825,0.0,1.0,16779.0,2066.5135158369794
853,10832,10832,0.0,1.0,19088.0,614.4122805635368
854,10849,10849,0.0,1.0,19088.0,1912.0085081512261
855,10858,10858,0.0,1.0,19088.0,1839.079841783393
856,10872,10872,0.0,1.0,19088.0,1051.6123775561496
857,221,10881,23.40604236666055,1.0,16779.0,2049.895553491086
858,225,10886,30.39607171288188,1.0,16779.0,1882.9275477290373
859,10893,10893,0.0,1.0,19088.0,848.1861659584745
860,25117,10905,71.48567737966489,1.0,18850.0,236.8033988749895
861,25117,10922,79.46539776028806,1.0,18850.0,236.8033988749895
862,196,10935,18.131389728315394,1.0,16779.0,1852.270816242564
863,10936,10936,0.0,1.0,19088.0,335.3553390593274
864,25117,10949,61.40528434928111,1.0,18850.0,236.8033988749895
865,10955,10955,0.0,1.0,19088.0,335.3553390593274
866,10347,10975,121.95761561601378,1.0,16779.0,511.8033988749895
867,10982,10982,0.0,1.0,16779.0,2208.1399237899946
868,10290,10990,142.93231087450496,1.0,16779.0,1824.7676196228645
869,10996,10996,0.0,1.0,19088.0,2500.223172950044
870,10290,11009,140.71563375232486,1.0,16779.0,1824.7676196228645
871,11010,11010,0.0,1.0,19088.0,620.7106781186548
872,11021,11021,0.0,1.0,19088.0,2231.873501270654
873,11042,11042,0.0,1.0,19088.0,620.7106781186548
874,11045,11045,0.0,1.0,16779.0,2171.8290224405487
875,11058,11058,0.0,1.0,19088.0,2854.52416298602
876,11066,11066,0.0,1.0,19088.0,485.3553390593274
877,11075,11075,0.0,1.0,19088.0,2186.0450151096625
878,11061,11093,18.797871249067892,1.0,19088.0,2854.52416298602
879,11096,11096,0.0,1.0,19088.0,620.7106781186548
880,10850,11116,12.046285626172704,1.0,19088.0,1912.0085081512261
881,11130,11130,0.0,1.0,19088.0,1202.2874622228849
882,11132,11132,0.0,1.0,19088.0,2001.3799971790138
883,1905,11152,119.6119302430001,1.0,18850.0,485.3553390593274
884,11160,11160,0.0,1.0,19088.0,360.3553390593274
885,25119,11172,143.50865114087017,1.0,18850.0,820.7106781186549
886,1639,11175,14.067154225799014,1.0,19088.0,435.3553390593274
887,11194,11194,0.0,1.0,19088.0,1887.1868919216056
888,3411,11199,135.5374435187793,1.0,18850.0,920.4782977415191
889,3411,11211,117.6153462891666,1.0,18850.0,920.4782977415191
890,12352,11220,180.40996395291592,1.0,21822.0,803.3890728527865
891,12399,11235,268.1217787889138,1.0,21822.0,703.3890728527863
892,12352,11241,88.93239116408553,1.0,21822.0,803.3890728527865
893,11254,11254,0.0,1.0,14605.0,607.842712474619
894,11328,11269,13.29625605049124,1.0,21822.0,863.744411912114
895,3411,11273,143.89211864485165,1.0,18850.0,920.4782977415191
896,11683,11280,35.868946369326046,1.0,21822.0,1013.5120315349782
897,3411,11301,143.34228596228112,1.0,18850.0,920.4782977415191
898,12399,11306,174.3607806251082,1.0,21822.0,703.3890728527863
899,3411,11314,136.13404238778588,1.0,18850.0,920.4782977415191
900,11321,11321,0.0,1.0,21822.0,838.744411912114
901,11554,11341,15.00176225505372,1.0,18850.0,5753.89525133479
902,11346,11346,0.0,1.0,21822.0,967.8013534163235
903,11357,11363,19.98595834555649,1.0,21822.0,1078.156692475651
904,11328,11372,25.043746194626113,1.0,21822.0,863.744411912114
905,11382,11382,0.0,1.0,18850.0,5779.582445958121
906,12352,11390,84.6859784846817,1.0,21822.0,803.3890728527865
907,12134,11402,66.09057445056742,1.0,13657.0,3390.5226634240644
908,11683,11424,53.79493638693793,1.0,21822.0,1013.5120315349782
909,12399,11439,163.99377691767958,1.0,21822.0,703.3890728527863
910,11455,11455,0.0,1.0,21822.0,838.744411912114
911,3411,11457,128.1014002888889,1.0,18850.0,920.4782977415191
912,11347,11464,69.60864828819084,1.0,21822.0,967.8013534163235
913,3708,11472,235.50872969068504,1.0,21822.0,1281.4495102245983
914,11480,11480,0.0,1.0,14605.0,236.9677166154769
915,12352,11499,81.72040020137221,1.0,21822.0,803.3890728527865
916,11519,11519,0.0,1.0,21822.0,1013.5120315349782
917,13114,11540,24.20081692676298,1.0,18850.0,6160.560259067205
918,11547,11547,0.0,1.0,18850.0,5753.89525133479
919,11328,11563,215.86543397138428,1.0,21822.0,863.744411912114
920,11570,11570,0.0,1.0,21822.0,1284.0583919131457
921,11573,11573,0.0,1.0,21822.0,1219.413730972473
922,11330,11585,128.80433687015946,1.0,21822.0,863.744411912114
923,11330,11594,116.75543078315684,1.0,21822.0,863.744411912114
924,11350,11613,32.07568844712578,1.0,21822.0,978.1566924756507
925,11626,11626,0.0,1.0,21822.0,1084.4550900307688
926,1039,11647,48.70094500375311,1.0,14605.0,145.71067811865476
927,11523,11659,14.467925282334638,1.0,21822.0,1059.4550900307688
928,12352,11660,99.55774975817933,1.0,21822.0,803.3890728527865
929,11671,11671,0.0,1.0,14605.0,1254.9214318337283
930,11683,11683,0.0,1.0,21822.0,1013.5120315349782
931,3411,11696,172.46120751415054,1.0,18850.0,920.4782977415191
932,11330,11707,16.6654646600983,1.0,21822.0,863.744411912114
933,3411,11711,175.8256325483809,1.0,18850.0,920.4782977415191
934,12352,11719,181.52990370435137,1.0,21822.0,803.3890728527865
935,11733,11733,0.0,1.0,21822.0,1109.4550900307688
936,12352,11745,200.27479618295158,1.0,21822.0,803.3890728527865
937,11760,11760,0.0,1.0,14605.0,181.06601717798213
938,12352,11769,194.79317170577454,1.0,21822.0,803.3890728527865
939,11350,11781,10.991568693355376,1.0,21822.0,978.1566924756507
940,11328,11788,112.17044278574109,1.0,21822.0,863.744411912114
941,1205,11796,57.48723681414587,1.0,18850.0,920.4782977415191
942,12352,11806,285.8195150312715,1.0,21822.0,803.3890728527865
943,11823,11823,0.0,1.0,13657.0,3390.5226634240644
944,3708,11832,96.81985279474901,1.0,21822.0,1281.4495102245983
945,3606,11847,57.22622860769768,1.0,21822.0,643.0337337934591
946,12098,11853,19.08471933772332,1.0,14605.0,110.35533905932738
947,11860,11860,0.0,1.0,21822.0,678.3890728527863
948,12376,11871,109.75864059831659,1.0,21822.0,753.3890728527863
949,11882,11882,0.0,1.0,18850.0,5328.441227397381
950,3756,11896,50.75462404589208,1.0,21822.0,563.5800941716263
951,11683,11907,194.6090220175407,1.0,21822.0,1013.5120315349782
952,3411,11908,67.42380397881358,1.0,18850.0,920.4782977415191
953,11863,11919,13.799744805864503,1.0,21822.0,678.3890728527863
954,11927,11927,0.0,1.0,18850.0,2709.0587426514044
955,3708,11944,117.7259316597172,1.0,21822.0,1281.4495102245983
956,1205,11947,68.30557146924785,1.0,18850.0,920.4782977415191
957,3411,11957,59.333163545296735,1.0,18850.0,920.4782977415191
958,12018,11965,11.962624073022209,1.0,14605.0,120.71067811865476
959,11683,11976,174.59661335464233,1.0,21822.0,1013.5120315349782
960,11988,11988,0.0,1.0,13657.0,3343.715661193603
961,12376,11997,12.913728856196265,1.0,21822.0,753.3890728527863
962,1205,12003,54.010140033254245,1.0,18850.0,920.4782977415191
963,12376,12005,105.43680929739037,1.0,21822.0,753.3890728527863
964,12018,12018,0.0,1.0,14605.0,120.71067811865476
965,11683,12029,146.32145365081578,1.0,21822.0,1013.5120315349782
966,3411,12033,54.90788978418249,1.0,18850.0,920.4782977415191
967,1093,12044,25.73922209048529,1.0,21822.0,618.0337337934591
968,12045,12045,0.0,1.0,18850.0,4676.549211987603
969,12376,12060,213.2064620362084,1.0,21822.0,753.3890728527863
970,12066,12066,0.0,1.0,18850.0,5328.441227397381
971,3411,12074,79.11787703907281,1.0,18850.0,920.4782977415191
972,1093,12080,120.0674936288544,1.0,21822.0,618.0337337934591
973,12090,12090,0.0,1.0,14605.0,25.0
974,1093,12101,118.96145977961345,1.0,21822.0,618.0337337934591
975,1093,12120,222.16671914082957,1.0,21822.0,618.0337337934591
976,12134,12134,0.0,1.0,13657.0,3390.5226634240644
977,3411,12144,48.991745317848476,1.0,18850.0,920.4782977415191
978,3708,12155,66.57466653705478,1.0,21822.0,1281.4495102245983
979,3411,12160,64.67402489762571,1.0,18850.0,920.4782977415191
980,12169,12169,0.0,1.0,18850.0,5328.441227397381
981,12173,12173,0.0,1.0,14605.0,35.35533905932738
982,1205,12183,89.29719346938103,1.0,18850.0,920.4782977415191
983,3708,12197,75.2707904771585,1.0,21822.0,1281.4495102245983
984,11554,12205,90.15960557223245,1.0,18850.0,5753.89525133479
985,3411,12218,86.06893794647583,1.0,18850.0,920.4782977415191
986,3411,12223,94.51635172314623,1.0,18850.0,920.4782977415191
987,11823,12231,29.323319640968315,1.0,13657.0,3390.5226634240644
988,11384,12244,15.001762255083532,1.0,18850.0,5779.582445958121
989,12250,12250,0.0,1.0,14605.0,110.35533905932738
990,12262,12262,0.0,1.0,21822.0,778.3890728527865
991,12262,12284,15.530098086214666,1.0,21822.0,778.3890728527865
992,11683,12294,79.271295092462,1.0,21822.0,1013.5120315349782
993,12304,12304,0.0,1.0,18850.0,6139.640187859218
994,1205,12317,103.24366136711876,1.0,18850.0,920.4782977415191
995,12399,12324,75.4419024889262,1.0,21822.0,703.3890728527863
996,3411,12328,104.7505955226113,1.0,18850.0,920.4782977415191
997,12399,12339,78.6077998136182,1.0,21822.0,703.3890728527863
998,12351,12351,0.0,1.0,21822.0,803.3890728527865
999,12399,12367,160.22179133221277,1.0,21822.0,703.3890728527863
1000,12376,12376,0.0,1.0,21822.0,753.3890728527863
1001,12399,12389,67.54923220412078,1.0,21822.0,703.3890728527863
1002,12396,12396,0.0,1.0,21822.0,703.3890728527863
1003,3411,12401,95.99266134564402,1.0,18850.0,920.4782977415191
1004,12410,12410,0.0,1.0,18850.0,5328.441227397381
1005,3708,12430,145.56164238292013,1.0,21822.0,1281.4495102245983
1006,11347,12433,94.43550914980287,1.0,21822.0,967.8013534163235
1007,11683,12449,125.6827661313493,1.0,21822.0,1013.5120315349782
1008,12399,12455,65.92127806081365,1.0,21822.0,703.3890728527863
1009,1045,12470,188.89406390971448,1.0,21822.0,361.9677166154769
1010,3708,12487,128.23574379535387,1.0,21822.0,1281.4495102245983
1011,12376,12489,104.84756299776748,1.0,21822.0,753.3890728527863
1012,11350,12499,347.32390933547407,1.0,21822.0,978.1566924756507
1013,12632,12511,49.451303084815756,1.0,21822.0,1511.2317853274058
1014,12632,12527,143.4979870469877,1.0,21822.0,1511.2317853274058
1015,12632,12533,38.268823993256305,1.0,21822.0,1511.2317853274058
1016,11350,12557,401.8833481094664,1.0,21822.0,978.1566924756507
1017,12632,12568,249.5881476922949,1.0,21822.0,1511.2317853274058
1018,12632,12572,149.23276089194923,1.0,21822.0,1511.2317853274058
1019,12632,12583,139.41126758151702,1.0,21822.0,1511.2317853274058
1020,3411,12599,248.18650422885207,1.0,18850.0,920.4782977415191
1021,12632,12616,248.02397279778694,1.0,21822.0,1511.2317853274058
1022,12620,12620,0.0,1.0,14605.0,332.67839473413164
1023,12632,12623,350.3920524099569,1.0,21822.0,1511.2317853274058
1024,12632,12632,0.0,1.0,21822.0,1511.2317853274058
1025,12632,12656,158.51994849399645,1.0,21822.0,1511.2317853274058
1026,12632,12668,70.40298851509819,1.0,21822.0,1511.2317853274058
1027,11492,12689,83.97735735593963,1.0,14605.0,261.9677166154769
1028,11350,12705,332.9331088455486,1.0,21822.0,978.1566924756507
1029,12632,12706,257.7828703765335,1.0,21822.0,1511.2317853274058
1030,11350,12724,305.62207054379365,1.0,21822.0,978.1566924756507
1031,13458,12740,90.72098141401418,1.0,21822.0,1319.8104290900962
1032,11350,12741,246.32696924118449,1.0,21822.0,978.1566924756507
1033,12772,12756,32.859506010126715,1.0,14605.0,432.842712474619
1034,12770,12770,0.0,1.0,14605.0,432.842712474619
1035,12632,12783,347.65849603817253,1.0,21822.0,1511.2317853274058
1036,12632,12789,144.35174274258443,1.0,21822.0,1511.2317853274058
1037,12632,12800,246.80466230941627,1.0,21822.0,1511.2317853274058
1038,12632,12807,150.3314350463111,1.0,21822.0,1511.2317853274058
1039,3411,12818,293.4084028633018,1.0,18850.0,920.4782977415191
1040,12632,12835,63.1120937295071,1.0,21822.0,1511.2317853274058
1041,12637,12845,70.01239574635326,1.0,21822.0,1594.5780487129605
1042,12850,12850,0.0,1.0,21822.0,1604.933387772288
1043,12632,12869,348.3675319631011,1.0,21822.0,1511.2317853274058
1044,12632,12880,36.118168503194134,1.0,21822.0,1511.2317853274058
1045,12891,12891,0.0,1.0,14605.0,482.842712474619
1046,12900,12900,0.0,1.0,14605.0,497.48737341529164
1047,12905,12905,0.0,1.0,14605.0,497.48737341529164
1048,12909,12909,0.0,1.0,14605.0,557.842712474619
1049,1110,12920,144.74668848894865,1.0,14605.0,301.7766952966369
1050,12632,12924,241.44897623702178,1.0,21822.0,1511.2317853274058
1051,12632,12937,140.52942374173534,1.0,21822.0,1511.2317853274058
1052,12632,12950,347.86553989127503,1.0,21822.0,1511.2317853274058
1053,12632,12958,244.70037143770705,1.0,21822.0,1511.2317853274058
1054,12632,12980,135.46917595256824,1.0,21822.0,1511.2317853274058
1055,12632,12990,49.28697355493581,1.0,21822.0,1511.2317853274058
1056,11733,13004,55.35588550302332,1.0,21822.0,1109.4550900307688
1057,11330,13015,235.60489290387346,1.0,21822.0,863.744411912114
1058,13017,13017,0.0,1.0,21822.0,1290.3567894682635
1059,11328,13038,315.149789476702,1.0,21822.0,863.744411912114
1060,11738,13043,102.86653860251616,1.0,21822.0,1109.4550900307688
1061,11330,13061,241.79327661720038,1.0,21822.0,863.744411912114
1062,13465,13074,54.63610414460978,1.0,21822.0,1294.8104290900962
1063,3411,13087,208.194950409192,1.0,18850.0,920.4782977415191
1064,11733,13095,86.55475257523965,1.0,21822.0,1109.4550900307688
1065,3411,13105,190.18685458105074,1.0,18850.0,920.4782977415191
1066,13113,13113,0.0,1.0,18850.0,6160.560259067205
1067,11350,13119,166.9514548043258,1.0,21822.0,978.1566924756507
1068,3411,13134,171.95919932504418,1.0,18850.0,920.4782977415191
1069,13136,13136,0.0,1.0,14605.0,216.4213562373095
1070,11350,13153,61.250221139937146,1.0,21822.0,978.1566924756507
1071,11733,13159,7.778700724071803,1.0,21822.0,1109.4550900307688
1072,13169,13169,0.0,1.0,14605.0,251.7766952966369
1073,12352,13176,298.14265890275294,1.0,21822.0,803.3890728527865
1074,13182,13182,0.0,1.0,18850.0,1145.7106781186549
1075,11328,13200,220.96057602839065,1.0,21822.0,863.744411912114
1076,3411,13203,210.08381608647147,1.0,18850.0,920.4782977415191
1077,11733,13216,34.66300812666402,1.0,21822.0,1109.4550900307688
1078,11351,13221,87.86804575516801,1.0,21822.0,978.1566924756507
1079,11350,13234,147.00581521491634,1.0,21822.0,978.1566924756507
1080,11350,13255,286.56570812132594,1.0,21822.0,978.1566924756507
1081,13458,13262,103.08626048371063,1.0,21822.0,1319.8104290900962
1082,11350,13267,237.16869341151408,1.0,21822.0,978.1566924756507
1083,13465,13289,106.58974845239389,1.0,21822.0,1294.8104290900962
1084,11330,13294,350.5542239193215,1.0,21822.0,863.744411912114
1085,11350,13303,210.62395190146788,1.0,21822.0,978.1566924756507
1086,11733,13318,161.47993350223743,1.0,21822.0,1109.4550900307688
1087,12632,13327,164.4146477757397,1.0,21822.0,1511.2317853274058
1088,3411,13343,236.4582971714349,1.0,18850.0,920.4782977415191
1089,3411,13352,234.62756580952785,1.0,18850.0,920.4782977415191
1090,11330,13364,367.5621066821083,1.0,21822.0,863.744411912114
1091,11330,13371,337.2914511464956,1.0,21822.0,863.744411912114
1092,11350,13389,190.28937051938877,1.0,21822.0,978.1566924756507
1093,11330,13394,327.32504205988846,1.0,21822.0,863.744411912114
1094,11330,13408,257.1199511677541,1.0,21822.0,863.744411912114
1095,11738,13412,124.78955102540098,1.0,21822.0,1109.4550900307688
1096,11733,13426,106.37243925396177,1.0,21822.0,1109.4550900307688
1097,13182,13443,30.500017370553103,1.0,18850.0,1145.7106781186549
1098,13451,13451,0.0,1.0,14605.0,276.7766952966369
1099,13458,13458,0.0,1.0,21822.0,1319.8104290900962
1100,13473,13473,0.0,1.0,14605.0,357.67839473413164
1101,13477,13477,0.0,1.0,18850.0,620.7106781186548
1102,11738,13486,143.4411010144579,1.0,21822.0,1109.4550900307688
1103,13499,13499,0.0,1.0,18850.0,720.7106781186548
1104,13511,13511,0.0,1.0,13657.0,638.7444119121137
1105,11330,13530,269.86813479464337,1.0,21822.0,863.744411912114
1106,13499,13534,9.556689184543613,1.0,18850.0,720.7106781186548
1107,2415,13543,10.545851657675799,1.0,19088.0,6076.389521310894
